<Result total="4" value="true" message="Success!" date="2021-07-25">
  <Item ConsortiaID="1" BuildDate="2021-07-25 13:38:24" CelebCount="0" ChairmanID="7" ChairmanName="ĐứcĐúĐởn" ChairmanTypeVIP="0" ChairmanVIPLevel="0" ConsortiaName="TOP" CreatorID="7" CreatorName="ĐứcĐúĐởn" Description="" Honor="21434265" IP="" Level="10" MaxCount="200" Placard="" Repute="4" Count="17" Riches="737314" FightPower="3427011" DeductDate="2021-07-25 13:38:24" AddDayHonor="0" AddDayRiches="0" AddWeekHonor="0" AddWeekRiches="0" LastDayRiches="4891944" OpenApply="true" StoreLevel="3" SmithLevel="10" ShopLevel="5" BufferLevel="1" ConsortiaGiftGp="0" ConsortiaAddDayGiftGp="0" ConsortiaAddWeekGiftGp="0" Port="0" IsVoting="false" VoteRemainDay="3" CharmGP="0" BadgeBuyTime="" BadgeID="0" ValidDate="0">
    <Item ID="7" UserName="phamhoangduc999" NickName="ĐứcĐúĐởn" typeVIP="0" VIPLevel="0" Grade="60" Colors=",,,,,,,,,,,,,,," Skin="" Sex="true" Style="1352,2317,3157,4103,5525,6104,70923,13508,15048,,17003,9522,,,," ConsortiaName="TOP" Hide="1111122223" Offer="3047802" ReputeOffer="0" ConsortiaHonor="21434265" ConsortiaLevel="10" StoreLevel="3" ShopLevel="5" SmithLevel="10" ConsortiaRepute="4" WinCount="1" TotalCount="1" EscapeCount="0" Repute="5" AddDayGP="0" AddDayOffer="0" AddWeekGP="0" AddWeekOffer="0" ConsortiaRiches="4891944" Nimbus="505" GP="211140995" FightPower="341293" AchievementPoint="1075" Rank="" AddDayAchievementPoint="0" AddWeekAchievementPoint="0" GiftGp="0" GiftLevel="1" AddDayGiftGp="0" AddWeekGiftGp="0" ApprenticeshipState="0" AddWeekLeagueScore="0" />
  </Item>
  <Item ConsortiaID="3" BuildDate="2021-07-25 14:28:16" CelebCount="0" ChairmanID="28" ChairmanName="FURIOUSSS" ChairmanTypeVIP="0" ChairmanVIPLevel="0" ConsortiaName="TEST™" CreatorID="28" CreatorName="FURIOUSSS" Description="" Honor="4040052" IP="" Level="10" MaxCount="200" Placard="" Repute="2" Count="6" Riches="3321919" FightPower="1028057" DeductDate="2021-07-25 14:28:16" AddDayHonor="0" AddDayRiches="0" AddWeekHonor="0" AddWeekRiches="0" LastDayRiches="8040049" OpenApply="true" StoreLevel="10" SmithLevel="10" ShopLevel="5" BufferLevel="10" ConsortiaGiftGp="0" ConsortiaAddDayGiftGp="0" ConsortiaAddWeekGiftGp="0" Port="0" IsVoting="false" VoteRemainDay="3" CharmGP="0" BadgeBuyTime="" BadgeID="0" ValidDate="0">
    <Item ID="28" UserName="vuot99" NickName="FURIOUSSS" typeVIP="0" VIPLevel="0" Grade="60" Colors=",,,,,,,,,,,,,,," Skin="" Sex="true" Style=",,3158,,5106,6103,,13418,,,,9522,,,," ConsortiaName="TEST™" Hide="1111111113" Offer="1998052" ReputeOffer="0" ConsortiaHonor="4040052" ConsortiaLevel="10" StoreLevel="10" ShopLevel="5" SmithLevel="10" ConsortiaRepute="2" WinCount="0" TotalCount="1" EscapeCount="0" Repute="19" AddDayGP="0" AddDayOffer="0" AddWeekGP="0" AddWeekOffer="0" ConsortiaRiches="8040049" Nimbus="500" GP="211140995" FightPower="55089" AchievementPoint="945" Rank="" AddDayAchievementPoint="0" AddWeekAchievementPoint="0" GiftGp="0" GiftLevel="1" AddDayGiftGp="0" AddWeekGiftGp="0" ApprenticeshipState="0" AddWeekLeagueScore="0" />
  </Item>
  <Item ConsortiaID="2" BuildDate="2021-07-25 13:45:03" CelebCount="0" ChairmanID="19" ChairmanName="Ưsứ" ChairmanTypeVIP="0" ChairmanVIPLevel="0" ConsortiaName="Chucamo" CreatorID="19" CreatorName="Ưsứ" Description="" Honor="0" IP="" Level="10" MaxCount="200" Placard="" Repute="1" Count="1" Riches="13494870" FightPower="27385" DeductDate="2021-07-25 13:45:03" AddDayHonor="0" AddDayRiches="0" AddWeekHonor="0" AddWeekRiches="0" LastDayRiches="18213000" OpenApply="true" StoreLevel="10" SmithLevel="10" ShopLevel="5" BufferLevel="10" ConsortiaGiftGp="0" ConsortiaAddDayGiftGp="0" ConsortiaAddWeekGiftGp="0" Port="0" IsVoting="false" VoteRemainDay="3" CharmGP="0" BadgeBuyTime="" BadgeID="0" ValidDate="0">
    <Item ID="19" UserName="kienvoi0508" NickName="Ưsứ" typeVIP="0" VIPLevel="0" Grade="59" Colors=",,,,,,,,,,,,,,," Skin="" Sex="true" Style="1142,,3158,,5160,6103,70922,13418,,,,9522,,,," ConsortiaName="Chucamo" Hide="1111111113" Offer="0" ReputeOffer="0" ConsortiaHonor="0" ConsortiaLevel="10" StoreLevel="10" ShopLevel="5" SmithLevel="10" ConsortiaRepute="1" WinCount="1" TotalCount="1" EscapeCount="0" Repute="23" AddDayGP="0" AddDayOffer="0" AddWeekGP="0" AddWeekOffer="0" ConsortiaRiches="18213000" Nimbus="203" GP="199800352" FightPower="27385" AchievementPoint="330" Rank="" AddDayAchievementPoint="0" AddWeekAchievementPoint="0" GiftGp="0" GiftLevel="1" AddDayGiftGp="0" AddWeekGiftGp="0" ApprenticeshipState="0" AddWeekLeagueScore="0" />
  </Item>
  <Item ConsortiaID="4" BuildDate="2021-07-25 15:01:32" CelebCount="0" ChairmanID="47" ChairmanName="Sói" ChairmanTypeVIP="0" ChairmanVIPLevel="0" ConsortiaName="Test" CreatorID="47" CreatorName="Sói" Description="" Honor="999000" IP="" Level="10" MaxCount="200" Placard="" Repute="3" Count="1" Riches="2947870" FightPower="20305" DeductDate="2021-07-25 15:01:32" AddDayHonor="0" AddDayRiches="0" AddWeekHonor="0" AddWeekRiches="0" LastDayRiches="7666000" OpenApply="true" StoreLevel="10" SmithLevel="10" ShopLevel="5" BufferLevel="10" ConsortiaGiftGp="0" ConsortiaAddDayGiftGp="0" ConsortiaAddWeekGiftGp="0" Port="0" IsVoting="false" VoteRemainDay="3" CharmGP="0" BadgeBuyTime="" BadgeID="0" ValidDate="0">
    <Item ID="47" UserName="tranhuuho" NickName="Sói" typeVIP="0" VIPLevel="0" Grade="60" Colors=",,,,,,,,,,,,,,," Skin="" Sex="true" Style=",,3158,,5160,6103,70512,,,,,9522,,,," ConsortiaName="Test" Hide="1111111113" Offer="999000" ReputeOffer="0" ConsortiaHonor="999000" ConsortiaLevel="10" StoreLevel="10" ShopLevel="5" SmithLevel="10" ConsortiaRepute="3" WinCount="0" TotalCount="1" EscapeCount="0" Repute="26" AddDayGP="0" AddDayOffer="0" AddWeekGP="0" AddWeekOffer="0" ConsortiaRiches="7666000" Nimbus="303" GP="211140995" FightPower="20305" AchievementPoint="405" Rank="" AddDayAchievementPoint="0" AddWeekAchievementPoint="0" GiftGp="0" GiftLevel="1" AddDayGiftGp="0" AddWeekGiftGp="0" ApprenticeshipState="0" AddWeekLeagueScore="0" />
  </Item>
</Result>