<Result total="29" value="true" message="Success!" date="2021-07-28">
  <Item ConsortiaID="25" BuildDate="2021-07-27 08:46:13" CelebCount="0" ChairmanID="119" ChairmanName="QuýʙụɴGʙự" ChairmanTypeVIP="0" ChairmanVIPLevel="0" ConsortiaName="GameVL" CreatorID="119" CreatorName="QuýʙụɴGʙự" Description="" Honor="13991332" IP="" Level="10" MaxCount="200" Placard="" Repute="1" Count="3" Riches="201422976" FightPower="0" DeductDate="2021-07-27 08:46:13" AddDayHonor="0" AddDayRiches="0" AddWeekHonor="0" AddWeekRiches="0" LastDayRiches="206141106" OpenApply="true" StoreLevel="10" SmithLevel="10" ShopLevel="5" BufferLevel="10" ConsortiaGiftGp="0" ConsortiaAddDayGiftGp="0" ConsortiaAddWeekGiftGp="0" Port="0" IsVoting="false" VoteRemainDay="3" CharmGP="0" BadgeBuyTime="2021-07-27 12:49:48" BadgeID="2" ValidDate="30">
    <Item ID="119" UserName="quybungbu94" NickName="QuýʙụɴGʙự" typeVIP="2" VIPLevel="1" Grade="60" Colors=",,,,,,,,,,,,,,," Skin="" Sex="true" Style="11000016,2317,3308,4150,5937,6381,70993,13432,15120,16015,17013,9522,,,," ConsortiaName="GameVL" Hide="1111122223" Offer="2997254" ReputeOffer="0" ConsortiaHonor="13991332" ConsortiaLevel="10" StoreLevel="10" ShopLevel="5" SmithLevel="10" ConsortiaRepute="1" WinCount="2" TotalCount="2" EscapeCount="0" Repute="89" AddDayGP="0" AddDayOffer="0" AddWeekGP="0" AddWeekOffer="0" ConsortiaRiches="206141106" Nimbus="505" GP="211140995" FightPower="350405" AchievementPoint="1215" Rank="" AddDayAchievementPoint="0" AddWeekAchievementPoint="0" GiftGp="0" GiftLevel="1" AddDayGiftGp="0" AddWeekGiftGp="0" ApprenticeshipState="0" AddWeekLeagueScore="0" />
  </Item>
  <Item ConsortiaID="1" BuildDate="2021-07-25 19:21:15" CelebCount="0" ChairmanID="2" ChairmanName="ĐứcĐúĐởn" ChairmanTypeVIP="0" ChairmanVIPLevel="0" ConsortiaName="TOP" CreatorID="2" CreatorName="ĐứcĐúĐởn" Description="" Honor="188680787" IP="" Level="10" MaxCount="200" Placard="" Repute="2" Count="60" Riches="112531871" FightPower="0" DeductDate="2021-07-25 19:21:15" AddDayHonor="0" AddDayRiches="0" AddWeekHonor="0" AddWeekRiches="0" LastDayRiches="117250001" OpenApply="true" StoreLevel="10" SmithLevel="10" ShopLevel="5" BufferLevel="10" ConsortiaGiftGp="0" ConsortiaAddDayGiftGp="0" ConsortiaAddWeekGiftGp="0" Port="0" IsVoting="false" VoteRemainDay="3" CharmGP="0" BadgeBuyTime="" BadgeID="0" ValidDate="0">
    <Item ID="2" UserName="phamhoangduc999" NickName="ĐứcĐúĐởn" typeVIP="2" VIPLevel="1" Grade="60" Colors=",,,,,,,,,,,,,,," Skin="" Sex="false" Style="12000122,2277,3658,4203,52000067,6497,70993,13888,15100,16051,17006,9522,50103,,," ConsortiaName="TOP" Hide="1111122223" Offer="4012228" ReputeOffer="0" ConsortiaHonor="188680787" ConsortiaLevel="10" StoreLevel="10" ShopLevel="5" SmithLevel="10" ConsortiaRepute="2" WinCount="5" TotalCount="5" EscapeCount="0" Repute="3" AddDayGP="0" AddDayOffer="0" AddWeekGP="0" AddWeekOffer="0" ConsortiaRiches="117250001" Nimbus="505" GP="211140995" FightPower="1316822" AchievementPoint="1275" Rank="" AddDayAchievementPoint="0" AddWeekAchievementPoint="0" GiftGp="0" GiftLevel="1" AddDayGiftGp="0" AddWeekGiftGp="0" ApprenticeshipState="0" AddWeekLeagueScore="0" />
  </Item>
  <Item ConsortiaID="19" BuildDate="2021-07-26 19:04:22" CelebCount="0" ChairmanID="126" ChairmanName="Sept" ChairmanTypeVIP="0" ChairmanVIPLevel="0" ConsortiaName="September" CreatorID="126" CreatorName="Sept" Description="" Honor="1970413" IP="" Level="10" MaxCount="200" Placard="" Repute="3" Count="3" Riches="51509241" FightPower="0" DeductDate="2021-07-26 19:04:22" AddDayHonor="0" AddDayRiches="0" AddWeekHonor="0" AddWeekRiches="0" LastDayRiches="55663871" OpenApply="true" StoreLevel="3" SmithLevel="10" ShopLevel="5" BufferLevel="10" ConsortiaGiftGp="0" ConsortiaAddDayGiftGp="0" ConsortiaAddWeekGiftGp="0" Port="0" IsVoting="false" VoteRemainDay="3" CharmGP="0" BadgeBuyTime="" BadgeID="0" ValidDate="0">
    <Item ID="126" UserName="tuthoeng123" NickName="Sept" typeVIP="1" VIPLevel="1" Grade="60" Colors=",,,,,,,,,,,,,,," Skin="" Sex="true" Style="12000122,2300,3530,4195,52000067,6388,70993,13881,15120,16051,17005,9522,50103,315005,," ConsortiaName="September" Hide="1111121113" Offer="1970413" ReputeOffer="0" ConsortiaHonor="1970413" ConsortiaLevel="10" StoreLevel="3" ShopLevel="5" SmithLevel="10" ConsortiaRepute="3" WinCount="10" TotalCount="12" EscapeCount="0" Repute="22" AddDayGP="0" AddDayOffer="0" AddWeekGP="0" AddWeekOffer="0" ConsortiaRiches="55663871" Nimbus="505" GP="211140995" FightPower="1099841" AchievementPoint="1285" Rank="" AddDayAchievementPoint="0" AddWeekAchievementPoint="0" GiftGp="0" GiftLevel="1" AddDayGiftGp="0" AddWeekGiftGp="0" ApprenticeshipState="0" AddWeekLeagueScore="0" />
  </Item>
  <Item ConsortiaID="21" BuildDate="2021-07-26 20:25:55" CelebCount="0" ChairmanID="133" ChairmanName="111331131" ChairmanTypeVIP="0" ChairmanVIPLevel="0" ConsortiaName="dat111" CreatorID="133" CreatorName="111331131" Description="" Honor="0" IP="" Level="10" MaxCount="200" Placard="" Repute="4" Count="1" Riches="46751756" FightPower="0" DeductDate="2021-07-26 20:25:55" AddDayHonor="0" AddDayRiches="0" AddWeekHonor="0" AddWeekRiches="0" LastDayRiches="51178886" OpenApply="true" StoreLevel="8" SmithLevel="10" ShopLevel="5" BufferLevel="10" ConsortiaGiftGp="0" ConsortiaAddDayGiftGp="0" ConsortiaAddWeekGiftGp="0" Port="0" IsVoting="false" VoteRemainDay="3" CharmGP="0" BadgeBuyTime="" BadgeID="0" ValidDate="0">
    <Item ID="133" UserName="dat22dat" NickName="111331131" typeVIP="0" VIPLevel="0" Grade="59" Colors=",,,,,,,,,,,,,,," Skin="" Sex="true" Style="1142,,3158,,5160,6103,7008,,,,,,,,," ConsortiaName="dat111" Hide="1111111111" Offer="0" ReputeOffer="0" ConsortiaHonor="0" ConsortiaLevel="10" StoreLevel="8" ShopLevel="5" SmithLevel="10" ConsortiaRepute="4" WinCount="0" TotalCount="1" EscapeCount="0" Repute="134" AddDayGP="0" AddDayOffer="0" AddWeekGP="0" AddWeekOffer="0" ConsortiaRiches="51178886" Nimbus="0" GP="199804252" FightPower="5833" AchievementPoint="180" Rank="" AddDayAchievementPoint="0" AddWeekAchievementPoint="0" GiftGp="0" GiftLevel="1" AddDayGiftGp="0" AddWeekGiftGp="0" ApprenticeshipState="0" AddWeekLeagueScore="0" />
  </Item>
  <Item ConsortiaID="4" BuildDate="2021-07-25 20:40:02" CelebCount="0" ChairmanID="48" ChairmanName="bibidong" ChairmanTypeVIP="0" ChairmanVIPLevel="0" ConsortiaName="121212" CreatorID="48" CreatorName="bibidong" Description="" Honor="4995052" IP="" Level="10" MaxCount="200" Placard="" Repute="5" Count="1" Riches="45173466" FightPower="0" DeductDate="2021-07-25 20:40:02" AddDayHonor="0" AddDayRiches="0" AddWeekHonor="0" AddWeekRiches="0" LastDayRiches="49891596" OpenApply="true" StoreLevel="10" SmithLevel="10" ShopLevel="5" BufferLevel="0" ConsortiaGiftGp="0" ConsortiaAddDayGiftGp="0" ConsortiaAddWeekGiftGp="0" Port="0" IsVoting="false" VoteRemainDay="3" CharmGP="0" BadgeBuyTime="" BadgeID="0" ValidDate="0">
    <Item ID="48" UserName="sjhunza" NickName="bibidong" typeVIP="2" VIPLevel="0" Grade="60" Colors=",,,,,,,,,,,,,,," Skin="" Sex="false" Style="1486,,3244,,5254,6204,70683,13418,15100,,17005,9522,50101,,," ConsortiaName="121212" Hide="1111111113" Offer="4995052" ReputeOffer="0" ConsortiaHonor="4995052" ConsortiaLevel="10" StoreLevel="10" ShopLevel="5" SmithLevel="10" ConsortiaRepute="5" WinCount="0" TotalCount="1" EscapeCount="0" Repute="96" AddDayGP="0" AddDayOffer="0" AddWeekGP="0" AddWeekOffer="0" ConsortiaRiches="49891596" Nimbus="405" GP="211140995" FightPower="302669" AchievementPoint="1145" Rank="" AddDayAchievementPoint="0" AddWeekAchievementPoint="0" GiftGp="0" GiftLevel="1" AddDayGiftGp="0" AddWeekGiftGp="0" ApprenticeshipState="0" AddWeekLeagueScore="0" />
  </Item>
  <Item ConsortiaID="27" BuildDate="2021-07-27 11:14:44" CelebCount="0" ChairmanID="145" ChairmanName="༄༂Ƙїşş༂࿐" ChairmanTypeVIP="0" ChairmanVIPLevel="0" ConsortiaName="Vip1" CreatorID="145" CreatorName="༄༂Ƙїşş༂࿐" Description="" Honor="2998033" IP="" Level="10" MaxCount="200" Placard="" Repute="6" Count="1" Riches="21451002" FightPower="0" DeductDate="2021-07-27 11:14:44" AddDayHonor="0" AddDayRiches="0" AddWeekHonor="0" AddWeekRiches="0" LastDayRiches="26169132" OpenApply="true" StoreLevel="10" SmithLevel="10" ShopLevel="5" BufferLevel="10" ConsortiaGiftGp="0" ConsortiaAddDayGiftGp="0" ConsortiaAddWeekGiftGp="0" Port="0" IsVoting="false" VoteRemainDay="3" CharmGP="0" BadgeBuyTime="" BadgeID="0" ValidDate="0">
    <Item ID="145" UserName="phanmanh" NickName="༄༂Ƙїşş༂࿐" typeVIP="2" VIPLevel="0" Grade="60" Colors=",,,,,,,,,,,,,,," Skin="" Sex="true" Style="11000016,2300,3530,4151,5937,6388,70993,13601,15100,16005,17005,9522,50101,,," ConsortiaName="Vip1" Hide="1111122223" Offer="2998033" ReputeOffer="0" ConsortiaHonor="2998033" ConsortiaLevel="10" StoreLevel="10" ShopLevel="5" SmithLevel="10" ConsortiaRepute="6" WinCount="0" TotalCount="1" EscapeCount="0" Repute="43" AddDayGP="0" AddDayOffer="0" AddWeekGP="0" AddWeekOffer="0" ConsortiaRiches="26169132" Nimbus="505" GP="211140995" FightPower="940548" AchievementPoint="1255" Rank="" AddDayAchievementPoint="0" AddWeekAchievementPoint="0" GiftGp="0" GiftLevel="1" AddDayGiftGp="0" AddWeekGiftGp="0" ApprenticeshipState="0" AddWeekLeagueScore="0" />
  </Item>
  <Item ConsortiaID="28" BuildDate="2021-07-27 15:05:50" CelebCount="0" ChairmanID="13" ChairmanName="test" ChairmanTypeVIP="0" ChairmanVIPLevel="0" ConsortiaName="TestADM" CreatorID="13" CreatorName="test" Description="" Honor="2834379" IP="" Level="10" MaxCount="200" Placard="" Repute="7" Count="1" Riches="19360267" FightPower="0" DeductDate="2021-07-27 15:05:50" AddDayHonor="0" AddDayRiches="0" AddWeekHonor="0" AddWeekRiches="0" LastDayRiches="24078397" OpenApply="true" StoreLevel="10" SmithLevel="10" ShopLevel="5" BufferLevel="10" ConsortiaGiftGp="0" ConsortiaAddDayGiftGp="0" ConsortiaAddWeekGiftGp="0" Port="0" IsVoting="false" VoteRemainDay="3" CharmGP="0" BadgeBuyTime="" BadgeID="0" ValidDate="0">
    <Item ID="13" UserName="hainhatam" NickName="test" typeVIP="2" VIPLevel="1" Grade="60" Colors=",,,,,,,,,,,,,,," Skin="" Sex="false" Style="1486,2273,3244,,5427,6204,70993,,15100,16015,17013,9522,50103,,," ConsortiaName="TestADM" Hide="1111122223" Offer="2834379" ReputeOffer="0" ConsortiaHonor="2834379" ConsortiaLevel="10" StoreLevel="10" ShopLevel="5" SmithLevel="10" ConsortiaRepute="7" WinCount="1" TotalCount="2" EscapeCount="0" Repute="100" AddDayGP="0" AddDayOffer="0" AddWeekGP="0" AddWeekOffer="0" ConsortiaRiches="24078397" Nimbus="505" GP="211140995" FightPower="273854" AchievementPoint="1215" Rank="" AddDayAchievementPoint="0" AddWeekAchievementPoint="0" GiftGp="0" GiftLevel="1" AddDayGiftGp="0" AddWeekGiftGp="0" ApprenticeshipState="0" AddWeekLeagueScore="0" />
  </Item>
  <Item ConsortiaID="11" BuildDate="2021-07-26 08:06:42" CelebCount="0" ChairmanID="83" ChairmanName="Phong" ChairmanTypeVIP="0" ChairmanVIPLevel="0" ConsortiaName="Thiên" CreatorID="83" CreatorName="Phong" Description="" Honor="3991294" IP="" Level="10" MaxCount="200" Placard="" Repute="8" Count="1" Riches="12749870" FightPower="0" DeductDate="2021-07-26 08:06:42" AddDayHonor="0" AddDayRiches="0" AddWeekHonor="0" AddWeekRiches="0" LastDayRiches="17468000" OpenApply="true" StoreLevel="10" SmithLevel="10" ShopLevel="5" BufferLevel="10" ConsortiaGiftGp="0" ConsortiaAddDayGiftGp="0" ConsortiaAddWeekGiftGp="0" Port="0" IsVoting="false" VoteRemainDay="3" CharmGP="0" BadgeBuyTime="" BadgeID="0" ValidDate="0">
    <Item ID="83" UserName="namth95" NickName="Phong" typeVIP="2" VIPLevel="0" Grade="60" Colors=",,|2569525,|13182292,,,,,,,,,,,," Skin="" Sex="true" Style="1112,2316,3533,4528,5710,6385,70683,13186,15100,,17005,9522,50101,315005,," ConsortiaName="Thiên" Hide="1111122223" Offer="3991294" ReputeOffer="0" ConsortiaHonor="3991294" ConsortiaLevel="10" StoreLevel="10" ShopLevel="5" SmithLevel="10" ConsortiaRepute="8" WinCount="1" TotalCount="1" EscapeCount="0" Repute="66" AddDayGP="0" AddDayOffer="0" AddWeekGP="0" AddWeekOffer="0" ConsortiaRiches="17468000" Nimbus="505" GP="211140995" FightPower="553983" AchievementPoint="1275" Rank="" AddDayAchievementPoint="0" AddWeekAchievementPoint="0" GiftGp="0" GiftLevel="1" AddDayGiftGp="0" AddWeekGiftGp="0" ApprenticeshipState="0" AddWeekLeagueScore="0" />
  </Item>
  <Item ConsortiaID="7" BuildDate="2021-07-25 21:31:23" CelebCount="0" ChairmanID="51" ChairmanName="FURIOUSSS" ChairmanTypeVIP="0" ChairmanVIPLevel="0" ConsortiaName="AnhEm" CreatorID="51" CreatorName="FURIOUSSS" Description="" Honor="10001394" IP="" Level="10" MaxCount="200" Placard="" Repute="9" Count="4" Riches="8371870" FightPower="0" DeductDate="2021-07-25 21:31:23" AddDayHonor="0" AddDayRiches="0" AddWeekHonor="0" AddWeekRiches="0" LastDayRiches="13090000" OpenApply="true" StoreLevel="10" SmithLevel="10" ShopLevel="5" BufferLevel="10" ConsortiaGiftGp="0" ConsortiaAddDayGiftGp="0" ConsortiaAddWeekGiftGp="0" Port="0" IsVoting="false" VoteRemainDay="3" CharmGP="0" BadgeBuyTime="" BadgeID="0" ValidDate="0">
    <Item ID="51" UserName="vuot99" NickName="FURIOUSSS" typeVIP="2" VIPLevel="1" Grade="60" Colors=",,,,,,,,,,,,,,," Skin="" Sex="true" Style="1301,2344,3158,4380,5591,6103,70993,13186,15100,,17005,9522,50103,,," ConsortiaName="AnhEm" Hide="1111121113" Offer="2003200" ReputeOffer="0" ConsortiaHonor="10001394" ConsortiaLevel="10" StoreLevel="10" ShopLevel="5" SmithLevel="10" ConsortiaRepute="9" WinCount="1" TotalCount="1" EscapeCount="0" Repute="32" AddDayGP="0" AddDayOffer="0" AddWeekGP="0" AddWeekOffer="0" ConsortiaRiches="13090000" Nimbus="505" GP="211140995" FightPower="1029568" AchievementPoint="1215" Rank="" AddDayAchievementPoint="0" AddWeekAchievementPoint="0" GiftGp="0" GiftLevel="1" AddDayGiftGp="0" AddWeekGiftGp="0" ApprenticeshipState="0" AddWeekLeagueScore="0" />
  </Item>
  <Item ConsortiaID="3" BuildDate="2021-07-25 19:51:43" CelebCount="0" ChairmanID="33" ChairmanName="SevenUp" ChairmanTypeVIP="0" ChairmanVIPLevel="0" ConsortiaName="Crush" CreatorID="33" CreatorName="SevenUp" Description="" Honor="8997511" IP="" Level="10" MaxCount="200" Placard="" Repute="10" Count="2" Riches="7962052" FightPower="0" DeductDate="2021-07-25 19:51:43" AddDayHonor="0" AddDayRiches="0" AddWeekHonor="0" AddWeekRiches="0" LastDayRiches="10758182" OpenApply="true" StoreLevel="2" SmithLevel="9" ShopLevel="4" BufferLevel="10" ConsortiaGiftGp="0" ConsortiaAddDayGiftGp="0" ConsortiaAddWeekGiftGp="0" Port="0" IsVoting="false" VoteRemainDay="3" CharmGP="0" BadgeBuyTime="" BadgeID="0" ValidDate="0">
    <Item ID="33" UserName="mrjohn" NickName="SevenUp" typeVIP="2" VIPLevel="1" Grade="60" Colors=",,,,,,,,,,,,,,," Skin="" Sex="true" Style="1142,2106,3158,,5591,6103,70993,,15100,16015,17005,9522,50101,315005,," ConsortiaName="Crush" Hide="1111122223" Offer="3996886" ReputeOffer="0" ConsortiaHonor="8997511" ConsortiaLevel="10" StoreLevel="2" ShopLevel="4" SmithLevel="9" ConsortiaRepute="10" WinCount="1" TotalCount="2" EscapeCount="0" Repute="13" AddDayGP="0" AddDayOffer="0" AddWeekGP="0" AddWeekOffer="0" ConsortiaRiches="10758182" Nimbus="505" GP="211140995" FightPower="1189615" AchievementPoint="1315" Rank="" AddDayAchievementPoint="0" AddWeekAchievementPoint="0" GiftGp="0" GiftLevel="1" AddDayGiftGp="0" AddWeekGiftGp="0" ApprenticeshipState="0" AddWeekLeagueScore="0" />
  </Item>
  <Item ConsortiaID="15" BuildDate="2021-07-26 14:59:50" CelebCount="0" ChairmanID="95" ChairmanName="Phốn" ChairmanTypeVIP="0" ChairmanVIPLevel="0" ConsortiaName="HappyGuild" CreatorID="95" CreatorName="Phốn" Description="" Honor="3002025" IP="" Level="1" MaxCount="100" Placard="" Repute="16" Count="1" Riches="6156156" FightPower="0" DeductDate="2021-07-26 14:59:50" AddDayHonor="0" AddDayRiches="0" AddWeekHonor="0" AddWeekRiches="0" LastDayRiches="6156156" OpenApply="true" StoreLevel="0" SmithLevel="0" ShopLevel="0" BufferLevel="0" ConsortiaGiftGp="0" ConsortiaAddDayGiftGp="0" ConsortiaAddWeekGiftGp="0" Port="0" IsVoting="false" VoteRemainDay="3" CharmGP="0" BadgeBuyTime="" BadgeID="0" ValidDate="0">
    <Item ID="95" UserName="fuimensuda" NickName="Phốn" typeVIP="2" VIPLevel="0" Grade="60" Colors=",,,,,,,,,,,,,,," Skin="" Sex="true" Style="1301,2176,3160,4152,5591,6131,,13418,15100,,17005,9522,50101,,," ConsortiaName="HappyGuild" Hide="1111112223" Offer="3002025" ReputeOffer="0" ConsortiaHonor="3002025" ConsortiaLevel="1" StoreLevel="0" ShopLevel="0" SmithLevel="0" ConsortiaRepute="16" WinCount="0" TotalCount="1" EscapeCount="0" Repute="122" AddDayGP="0" AddDayOffer="0" AddWeekGP="0" AddWeekOffer="0" ConsortiaRiches="6156156" Nimbus="400" GP="211140995" FightPower="62116" AchievementPoint="1085" Rank="" AddDayAchievementPoint="0" AddWeekAchievementPoint="0" GiftGp="0" GiftLevel="1" AddDayGiftGp="0" AddWeekGiftGp="0" ApprenticeshipState="0" AddWeekLeagueScore="0" />
  </Item>
  <Item ConsortiaID="9" BuildDate="2021-07-26 05:07:11" CelebCount="0" ChairmanID="79" ChairmanName="ɱ√ρ︵₷ℴท¡☪️๖²⁴ʱ" ChairmanTypeVIP="0" ChairmanVIPLevel="0" ConsortiaName="DiLinh" CreatorID="79" CreatorName="HoangKen" Description="" Honor="23988810" IP="" Level="10" MaxCount="200" Placard="" Repute="13" Count="6" Riches="5183367" FightPower="0" DeductDate="2021-07-26 05:07:11" AddDayHonor="0" AddDayRiches="0" AddWeekHonor="0" AddWeekRiches="0" LastDayRiches="8746497" OpenApply="true" StoreLevel="10" SmithLevel="10" ShopLevel="0" BufferLevel="10" ConsortiaGiftGp="0" ConsortiaAddDayGiftGp="0" ConsortiaAddWeekGiftGp="0" Port="0" IsVoting="false" VoteRemainDay="3" CharmGP="0" BadgeBuyTime="" BadgeID="0" ValidDate="0">
    <Item ID="79" UserName="hoangken1" NickName="ɱ√ρ︵₷ℴท¡☪️๖²⁴ʱ" typeVIP="0" VIPLevel="0" Grade="60" Colors=",,,,,,,,,,,,,,," Skin="" Sex="true" Style="1981,2302,3522,4102,5907,6131,70993,13714,15100,16015,17013,9522,,,," ConsortiaName="DiLinh" Hide="1111122123" Offer="3997036" ReputeOffer="0" ConsortiaHonor="23988810" ConsortiaLevel="10" StoreLevel="10" ShopLevel="0" SmithLevel="10" ConsortiaRepute="13" WinCount="3" TotalCount="3" EscapeCount="0" Repute="12" AddDayGP="0" AddDayOffer="0" AddWeekGP="0" AddWeekOffer="0" ConsortiaRiches="8746497" Nimbus="505" GP="211140995" FightPower="1200749" AchievementPoint="1295" Rank="" AddDayAchievementPoint="0" AddWeekAchievementPoint="0" GiftGp="0" GiftLevel="1" AddDayGiftGp="0" AddWeekGiftGp="0" ApprenticeshipState="0" AddWeekLeagueScore="0" />
  </Item>
  <Item ConsortiaID="10" BuildDate="2021-07-26 06:00:06" CelebCount="0" ChairmanID="82" ChairmanName="Uncomely" ChairmanTypeVIP="0" ChairmanVIPLevel="0" ConsortiaName="UnComely" CreatorID="82" CreatorName="Uncomely" Description="" Honor="2941965" IP="" Level="10" MaxCount="200" Placard="" Repute="12" Count="1" Riches="4843870" FightPower="0" DeductDate="2021-07-26 06:00:06" AddDayHonor="0" AddDayRiches="0" AddWeekHonor="0" AddWeekRiches="0" LastDayRiches="9562000" OpenApply="true" StoreLevel="10" SmithLevel="10" ShopLevel="5" BufferLevel="10" ConsortiaGiftGp="0" ConsortiaAddDayGiftGp="0" ConsortiaAddWeekGiftGp="0" Port="0" IsVoting="false" VoteRemainDay="3" CharmGP="0" BadgeBuyTime="" BadgeID="0" ValidDate="0">
    <Item ID="82" UserName="haha1996az" NickName="Uncomely" typeVIP="1" VIPLevel="1" Grade="60" Colors=",,,,,,,,,,,,,,," Skin="" Sex="false" Style="12000121,2274,3661,4202,5276,6204,70683,13714,15100,16015,17013,9522,50101,315003,," ConsortiaName="UnComely" Hide="1111122223" Offer="2941965" ReputeOffer="0" ConsortiaHonor="2941965" ConsortiaLevel="10" StoreLevel="10" ShopLevel="5" SmithLevel="10" ConsortiaRepute="12" WinCount="2" TotalCount="2" EscapeCount="0" Repute="39" AddDayGP="0" AddDayOffer="0" AddWeekGP="0" AddWeekOffer="0" ConsortiaRiches="9562000" Nimbus="505" GP="211140995" FightPower="972734" AchievementPoint="1185" Rank="" AddDayAchievementPoint="0" AddWeekAchievementPoint="0" GiftGp="0" GiftLevel="1" AddDayGiftGp="0" AddWeekGiftGp="0" ApprenticeshipState="0" AddWeekLeagueScore="0" />
  </Item>
  <Item ConsortiaID="12" BuildDate="2021-07-26 08:30:26" CelebCount="0" ChairmanID="4" ChairmanName="Whitebeard" ChairmanTypeVIP="0" ChairmanVIPLevel="0" ConsortiaName="BuffKNG" CreatorID="4" CreatorName="Whitebeard" Description="" Honor="3009223" IP="" Level="10" MaxCount="200" Placard="" Repute="11" Count="1" Riches="4772870" FightPower="0" DeductDate="2021-07-26 08:30:26" AddDayHonor="0" AddDayRiches="0" AddWeekHonor="0" AddWeekRiches="0" LastDayRiches="9596000" OpenApply="true" StoreLevel="10" SmithLevel="10" ShopLevel="5" BufferLevel="10" ConsortiaGiftGp="0" ConsortiaAddDayGiftGp="0" ConsortiaAddWeekGiftGp="0" Port="0" IsVoting="false" VoteRemainDay="3" CharmGP="0" BadgeBuyTime="" BadgeID="0" ValidDate="0">
    <Item ID="4" UserName="truongpenis" NickName="Whitebeard" typeVIP="2" VIPLevel="1" Grade="60" Colors=",,,,,,,,,,,,,,," Skin="" Sex="true" Style="12000122,2102,3530,4102,5937,6388,,13888,15120,16051,17013,9522,50105,315005,," ConsortiaName="BuffKNG" Hide="1111121113" Offer="3009833" ReputeOffer="0" ConsortiaHonor="3009223" ConsortiaLevel="10" StoreLevel="10" ShopLevel="5" SmithLevel="10" ConsortiaRepute="11" WinCount="10" TotalCount="10" EscapeCount="0" Repute="80" AddDayGP="0" AddDayOffer="0" AddWeekGP="0" AddWeekOffer="0" ConsortiaRiches="9596000" Nimbus="500" GP="211140995" FightPower="392988" AchievementPoint="1420" Rank="" AddDayAchievementPoint="0" AddWeekAchievementPoint="0" GiftGp="0" GiftLevel="1" AddDayGiftGp="0" AddWeekGiftGp="0" ApprenticeshipState="0" AddWeekLeagueScore="0" />
  </Item>
  <Item ConsortiaID="6" BuildDate="2021-07-25 21:25:13" CelebCount="0" ChairmanID="55" ChairmanName="Hieu" ChairmanTypeVIP="0" ChairmanVIPLevel="0" ConsortiaName="ABC" CreatorID="55" CreatorName="Hieu" Description="" Honor="5000492" IP="" Level="10" MaxCount="200" Placard="" Repute="14" Count="1" Riches="4411869" FightPower="0" DeductDate="2021-07-25 21:25:13" AddDayHonor="0" AddDayRiches="0" AddWeekHonor="0" AddWeekRiches="0" LastDayRiches="7399999" OpenApply="true" StoreLevel="0" SmithLevel="10" ShopLevel="0" BufferLevel="0" ConsortiaGiftGp="0" ConsortiaAddDayGiftGp="0" ConsortiaAddWeekGiftGp="0" Port="0" IsVoting="false" VoteRemainDay="3" CharmGP="0" BadgeBuyTime="" BadgeID="0" ValidDate="0">
    <Item ID="55" UserName="hesskue" NickName="Hieu" typeVIP="1" VIPLevel="1" Grade="60" Colors=",,,,,,,,,,,,,,," Skin="" Sex="true" Style="1730,2300,3109,4106,5710,6103,70923,13418,15100,,17006,9522,50101,,," ConsortiaName="ABC" Hide="1111122223" Offer="5000492" ReputeOffer="0" ConsortiaHonor="5000492" ConsortiaLevel="10" StoreLevel="0" ShopLevel="0" SmithLevel="10" ConsortiaRepute="14" WinCount="1" TotalCount="2" EscapeCount="0" Repute="92" AddDayGP="0" AddDayOffer="0" AddWeekGP="0" AddWeekOffer="0" ConsortiaRiches="7399999" Nimbus="505" GP="211140995" FightPower="332001" AchievementPoint="1215" Rank="" AddDayAchievementPoint="0" AddWeekAchievementPoint="0" GiftGp="0" GiftLevel="1" AddDayGiftGp="0" AddWeekGiftGp="0" ApprenticeshipState="0" AddWeekLeagueScore="0" />
  </Item>
  <Item ConsortiaID="24" BuildDate="2021-07-27 08:40:34" CelebCount="0" ChairmanID="139" ChairmanName="Zelirs" ChairmanTypeVIP="0" ChairmanVIPLevel="0" ConsortiaName="áesds" CreatorID="139" CreatorName="Zelirs" Description="" Honor="3002402" IP="" Level="10" MaxCount="200" Placard="" Repute="15" Count="1" Riches="3218025" FightPower="0" DeductDate="2021-07-27 08:40:34" AddDayHonor="0" AddDayRiches="0" AddWeekHonor="0" AddWeekRiches="0" LastDayRiches="6206155" OpenApply="true" StoreLevel="0" SmithLevel="10" ShopLevel="0" BufferLevel="0" ConsortiaGiftGp="0" ConsortiaAddDayGiftGp="0" ConsortiaAddWeekGiftGp="0" Port="0" IsVoting="false" VoteRemainDay="3" CharmGP="0" BadgeBuyTime="" BadgeID="0" ValidDate="0">
    <Item ID="139" UserName="tuanvahuy24" NickName="Zelirs" typeVIP="2" VIPLevel="0" Grade="60" Colors=",,,,||undefined,||undefined,,,,,,,,,," Skin="" Sex="true" Style="1109,2106,3186,4188,5363,6379,70993,13414,15100,16015,17005,9522,50101,,," ConsortiaName="áesds" Hide="1111122213" Offer="3002402" ReputeOffer="0" ConsortiaHonor="3002402" ConsortiaLevel="10" StoreLevel="0" ShopLevel="0" SmithLevel="10" ConsortiaRepute="15" WinCount="1" TotalCount="1" EscapeCount="0" Repute="57" AddDayGP="0" AddDayOffer="0" AddWeekGP="0" AddWeekOffer="0" ConsortiaRiches="6206155" Nimbus="505" GP="211140995" FightPower="720103" AchievementPoint="1215" Rank="" AddDayAchievementPoint="0" AddWeekAchievementPoint="0" GiftGp="0" GiftLevel="1" AddDayGiftGp="0" AddWeekGiftGp="0" ApprenticeshipState="0" AddWeekLeagueScore="0" />
  </Item>
  <Item ConsortiaID="14" BuildDate="2021-07-26 11:29:33" CelebCount="0" ChairmanID="97" ChairmanName="Cata" ChairmanTypeVIP="0" ChairmanVIPLevel="0" ConsortiaName="High" CreatorID="97" CreatorName="Cata" Description="" Honor="1998013" IP="" Level="10" MaxCount="200" Placard="" Repute="21" Count="1" Riches="2446870" FightPower="0" DeductDate="2021-07-26 11:29:33" AddDayHonor="0" AddDayRiches="0" AddWeekHonor="0" AddWeekRiches="0" LastDayRiches="5435000" OpenApply="true" StoreLevel="0" SmithLevel="10" ShopLevel="0" BufferLevel="10" ConsortiaGiftGp="0" ConsortiaAddDayGiftGp="0" ConsortiaAddWeekGiftGp="0" Port="0" IsVoting="false" VoteRemainDay="3" CharmGP="0" BadgeBuyTime="2021-07-26 11:31:10" BadgeID="8" ValidDate="30">
    <Item ID="97" UserName="binhho2554" NickName="Cata" typeVIP="2" VIPLevel="1" Grade="60" Colors=",,,,,,,,,,,,,,," Skin="" Sex="false" Style="1486,,3244,,5254,6204,70993,13185,15100,,17012,9522,50101,,," ConsortiaName="High" Hide="1111121113" Offer="1998013" ReputeOffer="0" ConsortiaHonor="1998013" ConsortiaLevel="10" StoreLevel="0" ShopLevel="0" SmithLevel="10" ConsortiaRepute="21" WinCount="0" TotalCount="1" EscapeCount="0" Repute="82" AddDayGP="0" AddDayOffer="0" AddWeekGP="0" AddWeekOffer="0" ConsortiaRiches="5435000" Nimbus="505" GP="211140995" FightPower="386142" AchievementPoint="1215" Rank="" AddDayAchievementPoint="0" AddWeekAchievementPoint="0" GiftGp="0" GiftLevel="1" AddDayGiftGp="0" AddWeekGiftGp="0" ApprenticeshipState="0" AddWeekLeagueScore="0" />
  </Item>
  <Item ConsortiaID="17" BuildDate="2021-07-26 18:14:55" CelebCount="0" ChairmanID="123" ChairmanName="David" ChairmanTypeVIP="0" ChairmanVIPLevel="0" ConsortiaName="TuoiTho" CreatorID="123" CreatorName="David" Description="" Honor="999070" IP="" Level="10" MaxCount="200" Placard="" Repute="26" Count="3" Riches="2428870" FightPower="0" DeductDate="2021-07-26 18:14:55" AddDayHonor="0" AddDayRiches="0" AddWeekHonor="0" AddWeekRiches="0" LastDayRiches="4260000" OpenApply="true" StoreLevel="10" SmithLevel="0" ShopLevel="0" BufferLevel="10" ConsortiaGiftGp="0" ConsortiaAddDayGiftGp="0" ConsortiaAddWeekGiftGp="0" Port="0" IsVoting="false" VoteRemainDay="3" CharmGP="0" BadgeBuyTime="" BadgeID="0" ValidDate="0">
    <Item ID="123" UserName="guildkfc" NickName="David" typeVIP="0" VIPLevel="0" Grade="53" Colors=",,,,,,,,,,,,,,," Skin="" Sex="false" Style="1486,,3244,,5254,6204,7015,,15100,,17005,9522,,,," ConsortiaName="TuoiTho" Hide="1111111113" Offer="0" ReputeOffer="0" ConsortiaHonor="999070" ConsortiaLevel="10" StoreLevel="10" ShopLevel="0" SmithLevel="0" ConsortiaRepute="26" WinCount="1" TotalCount="1" EscapeCount="0" Repute="109" AddDayGP="0" AddDayOffer="0" AddWeekGP="0" AddWeekOffer="0" ConsortiaRiches="4260000" Nimbus="504" GP="99897977" FightPower="153464" AchievementPoint="1000" Rank="" AddDayAchievementPoint="0" AddWeekAchievementPoint="0" GiftGp="0" GiftLevel="1" AddDayGiftGp="0" AddWeekGiftGp="0" ApprenticeshipState="0" AddWeekLeagueScore="0" />
  </Item>
  <Item ConsortiaID="18" BuildDate="2021-07-26 18:58:09" CelebCount="0" ChairmanID="98" ChairmanName="DươngThịnh" ChairmanTypeVIP="0" ChairmanVIPLevel="0" ConsortiaName="cvđs" CreatorID="98" CreatorName="DươngThịnh" Description="" Honor="3002200" IP="" Level="10" MaxCount="200" Placard="" Repute="17" Count="1" Riches="1589947" FightPower="0" DeductDate="2021-07-26 18:58:09" AddDayHonor="0" AddDayRiches="0" AddWeekHonor="0" AddWeekRiches="0" LastDayRiches="5795577" OpenApply="true" StoreLevel="5" SmithLevel="10" ShopLevel="5" BufferLevel="10" ConsortiaGiftGp="0" ConsortiaAddDayGiftGp="0" ConsortiaAddWeekGiftGp="0" Port="0" IsVoting="false" VoteRemainDay="3" CharmGP="0" BadgeBuyTime="" BadgeID="0" ValidDate="0">
    <Item ID="98" UserName="duongthinh" NickName="DươngThịnh" typeVIP="0" VIPLevel="0" Grade="60" Colors=",,,,,,,,,,,,,,," Skin="" Sex="true" Style="1142,,3158,,,6103,70683,,15100,,,9522,,,," ConsortiaName="cvđs" Hide="1111122223" Offer="3002200" ReputeOffer="0" ConsortiaHonor="3002200" ConsortiaLevel="10" StoreLevel="5" ShopLevel="5" SmithLevel="10" ConsortiaRepute="17" WinCount="0" TotalCount="1" EscapeCount="0" Repute="95" AddDayGP="0" AddDayOffer="0" AddWeekGP="0" AddWeekOffer="0" ConsortiaRiches="5795577" Nimbus="504" GP="211140995" FightPower="304664" AchievementPoint="1175" Rank="" AddDayAchievementPoint="0" AddWeekAchievementPoint="0" GiftGp="0" GiftLevel="1" AddDayGiftGp="0" AddWeekGiftGp="0" ApprenticeshipState="0" AddWeekLeagueScore="0" />
  </Item>
  <Item ConsortiaID="13" BuildDate="2021-07-26 08:41:48" CelebCount="0" ChairmanID="90" ChairmanName="Erica" ChairmanTypeVIP="0" ChairmanVIPLevel="0" ConsortiaName="Erica" CreatorID="90" CreatorName="Erica" Description="" Honor="8002100" IP="" Level="10" MaxCount="200" Placard="" Repute="18" Count="1" Riches="1462975" FightPower="0" DeductDate="2021-07-26 08:41:48" AddDayHonor="0" AddDayRiches="0" AddWeekHonor="0" AddWeekRiches="0" LastDayRiches="5606105" OpenApply="true" StoreLevel="0" SmithLevel="10" ShopLevel="5" BufferLevel="0" ConsortiaGiftGp="0" ConsortiaAddDayGiftGp="0" ConsortiaAddWeekGiftGp="0" Port="0" IsVoting="false" VoteRemainDay="3" CharmGP="0" BadgeBuyTime="" BadgeID="0" ValidDate="0">
    <Item ID="90" UserName="vangtoingu123a" NickName="Erica" typeVIP="0" VIPLevel="0" Grade="60" Colors=",,|2569525,|2569525,,||2569525,,,,,,,,,," Skin="" Sex="false" Style="1486,,3663,4624,5254,6502,70683,13367,15100,,17005,9522,,,," ConsortiaName="Erica" Hide="1111122123" Offer="8002100" ReputeOffer="0" ConsortiaHonor="8002100" ConsortiaLevel="10" StoreLevel="0" ShopLevel="5" SmithLevel="10" ConsortiaRepute="18" WinCount="1" TotalCount="1" EscapeCount="0" Repute="105" AddDayGP="0" AddDayOffer="0" AddWeekGP="0" AddWeekOffer="0" ConsortiaRiches="5606105" Nimbus="404" GP="211140995" FightPower="203443" AchievementPoint="975" Rank="" AddDayAchievementPoint="0" AddWeekAchievementPoint="0" GiftGp="0" GiftLevel="1" AddDayGiftGp="0" AddWeekGiftGp="0" ApprenticeshipState="0" AddWeekLeagueScore="0" />
  </Item>
  <Item ConsortiaID="22" BuildDate="2021-07-26 20:42:46" CelebCount="0" ChairmanID="134" ChairmanName="Tim♠" ChairmanTypeVIP="0" ChairmanVIPLevel="0" ConsortiaName="VUA-GA" CreatorID="134" CreatorName="Tim♠" Description="" Honor="2997000" IP="" Level="10" MaxCount="200" Placard="" Repute="24" Count="1" Riches="885469" FightPower="0" DeductDate="2021-07-26 20:42:46" AddDayHonor="0" AddDayRiches="0" AddWeekHonor="0" AddWeekRiches="0" LastDayRiches="5028599" OpenApply="true" StoreLevel="0" SmithLevel="10" ShopLevel="5" BufferLevel="8" ConsortiaGiftGp="0" ConsortiaAddDayGiftGp="0" ConsortiaAddWeekGiftGp="0" Port="0" IsVoting="false" VoteRemainDay="3" CharmGP="0" BadgeBuyTime="" BadgeID="0" ValidDate="0">
    <Item ID="134" UserName="catnguyen" NickName="Tim♠" typeVIP="0" VIPLevel="0" Grade="60" Colors=",,,,,,,,,,,,,,," Skin="" Sex="false" Style="1486,,3244,,5254,6204,7099,,15100,,17005,9522,,,," ConsortiaName="VUA-GA" Hide="1111111113" Offer="2997000" ReputeOffer="0" ConsortiaHonor="2997000" ConsortiaLevel="10" StoreLevel="0" ShopLevel="5" SmithLevel="10" ConsortiaRepute="24" WinCount="0" TotalCount="1" EscapeCount="0" Repute="104" AddDayGP="0" AddDayOffer="0" AddWeekGP="0" AddWeekOffer="0" ConsortiaRiches="5028599" Nimbus="404" GP="211140995" FightPower="207605" AchievementPoint="915" Rank="" AddDayAchievementPoint="0" AddWeekAchievementPoint="0" GiftGp="0" GiftLevel="1" AddDayGiftGp="0" AddWeekGiftGp="0" ApprenticeshipState="0" AddWeekLeagueScore="0" />
  </Item>
  <Item ConsortiaID="2" BuildDate="2021-07-25 19:50:40" CelebCount="0" ChairmanID="23" ChairmanName="Hb" ChairmanTypeVIP="0" ChairmanVIPLevel="0" ConsortiaName="HB" CreatorID="23" CreatorName="Hb" Description="" Honor="1927204" IP="" Level="10" MaxCount="200" Placard="" Repute="19" Count="1" Riches="867870" FightPower="0" DeductDate="2021-07-25 19:50:40" AddDayHonor="0" AddDayRiches="0" AddWeekHonor="0" AddWeekRiches="0" LastDayRiches="5586000" OpenApply="true" StoreLevel="10" SmithLevel="10" ShopLevel="5" BufferLevel="10" ConsortiaGiftGp="0" ConsortiaAddDayGiftGp="0" ConsortiaAddWeekGiftGp="0" Port="0" IsVoting="false" VoteRemainDay="3" CharmGP="0" BadgeBuyTime="" BadgeID="0" ValidDate="0">
    <Item ID="23" UserName="quochuy1423" NickName="Hb" typeVIP="2" VIPLevel="1" Grade="60" Colors=",,,,,,,,,,,,,,," Skin="" Sex="true" Style="11000016,2300,3530,4103,5937,6388,70993,13888,15120,16051,17013,9522,50101,315005,," ConsortiaName="HB" Hide="1111122223" Offer="1927204" ReputeOffer="0" ConsortiaHonor="1927204" ConsortiaLevel="10" StoreLevel="10" ShopLevel="5" SmithLevel="10" ConsortiaRepute="19" WinCount="13" TotalCount="15" EscapeCount="0" Repute="36" AddDayGP="0" AddDayOffer="0" AddWeekGP="0" AddWeekOffer="0" ConsortiaRiches="5586000" Nimbus="505" GP="211140995" FightPower="1006598" AchievementPoint="1375" Rank="" AddDayAchievementPoint="0" AddWeekAchievementPoint="0" GiftGp="0" GiftLevel="1" AddDayGiftGp="0" AddWeekGiftGp="0" ApprenticeshipState="0" AddWeekLeagueScore="0" />
  </Item>
  <Item ConsortiaID="8" BuildDate="2021-07-26 01:34:25" CelebCount="0" ChairmanID="44" ChairmanName="RIN" ChairmanTypeVIP="0" ChairmanVIPLevel="0" ConsortiaName="AE KY UC" CreatorID="44" CreatorName="RIN" Description="" Honor="1099247" IP="" Level="10" MaxCount="200" Placard="" Repute="20" Count="1" Riches="786870" FightPower="0" DeductDate="2021-07-26 01:34:25" AddDayHonor="0" AddDayRiches="0" AddWeekHonor="0" AddWeekRiches="0" LastDayRiches="5505000" OpenApply="true" StoreLevel="10" SmithLevel="10" ShopLevel="5" BufferLevel="10" ConsortiaGiftGp="0" ConsortiaAddDayGiftGp="0" ConsortiaAddWeekGiftGp="0" Port="0" IsVoting="false" VoteRemainDay="3" CharmGP="0" BadgeBuyTime="" BadgeID="0" ValidDate="0">
    <Item ID="44" UserName="nhokkwuan" NickName="RIN" typeVIP="1" VIPLevel="1" Grade="60" Colors=",|7901150,,|7901150,,||7901150,,,,,,,,,," Skin="" Sex="false" Style="1486,2267,3657,4621,5824,6502,70683,13330,15119,16045,17005,9522,50101,315005,," ConsortiaName="AE KY UC" Hide="1111122223" Offer="1099247" ReputeOffer="0" ConsortiaHonor="1099247" ConsortiaLevel="10" StoreLevel="10" ShopLevel="5" SmithLevel="10" ConsortiaRepute="20" WinCount="4" TotalCount="6" EscapeCount="0" Repute="23" AddDayGP="0" AddDayOffer="0" AddWeekGP="0" AddWeekOffer="0" ConsortiaRiches="5505000" Nimbus="505" GP="211140995" FightPower="1098672" AchievementPoint="1345" Rank="" AddDayAchievementPoint="0" AddWeekAchievementPoint="0" GiftGp="0" GiftLevel="1" AddDayGiftGp="0" AddWeekGiftGp="0" ApprenticeshipState="0" AddWeekLeagueScore="0" />
  </Item>
  <Item ConsortiaID="5" BuildDate="2021-07-25 21:05:11" CelebCount="0" ChairmanID="52" ChairmanName="llllll" ChairmanTypeVIP="0" ChairmanVIPLevel="0" ConsortiaName="llllll" CreatorID="52" CreatorName="llllll" Description="" Honor="9990052" IP="" Level="10" MaxCount="200" Placard="" Repute="22" Count="1" Riches="521870" FightPower="0" DeductDate="2021-07-25 21:05:11" AddDayHonor="0" AddDayRiches="0" AddWeekHonor="0" AddWeekRiches="0" LastDayRiches="5240000" OpenApply="true" StoreLevel="10" SmithLevel="10" ShopLevel="5" BufferLevel="10" ConsortiaGiftGp="0" ConsortiaAddDayGiftGp="0" ConsortiaAddWeekGiftGp="0" Port="0" IsVoting="false" VoteRemainDay="3" CharmGP="0" BadgeBuyTime="" BadgeID="0" ValidDate="0">
    <Item ID="52" UserName="haihaigaga" NickName="llllll" typeVIP="1" VIPLevel="0" Grade="60" Colors=",,,,,,,,,,,,,,," Skin="" Sex="true" Style="1730,2129,3158,4105,5710,6103,70683,13418,15100,,17005,9522,,315005,," ConsortiaName="llllll" Hide="1111122223" Offer="9990052" ReputeOffer="0" ConsortiaHonor="9990052" ConsortiaLevel="10" StoreLevel="10" ShopLevel="5" SmithLevel="10" ConsortiaRepute="22" WinCount="1" TotalCount="2" EscapeCount="0" Repute="87" AddDayGP="0" AddDayOffer="0" AddWeekGP="0" AddWeekOffer="0" ConsortiaRiches="5240000" Nimbus="504" GP="211140995" FightPower="370277" AchievementPoint="1085" Rank="" AddDayAchievementPoint="0" AddWeekAchievementPoint="0" GiftGp="0" GiftLevel="1" AddDayGiftGp="0" AddWeekGiftGp="0" ApprenticeshipState="0" AddWeekLeagueScore="0" />
  </Item>
  <Item ConsortiaID="29" BuildDate="2021-07-27 15:08:39" CelebCount="0" ChairmanID="121" ChairmanName="Nats" ChairmanTypeVIP="0" ChairmanVIPLevel="0" ConsortiaName="sadsad" CreatorID="160" CreatorName="LocacC" Description="" Honor="2003784" IP="" Level="10" MaxCount="200" Placard="" Repute="27" Count="1" Riches="509206" FightPower="0" DeductDate="2021-07-27 15:08:39" AddDayHonor="0" AddDayRiches="0" AddWeekHonor="0" AddWeekRiches="0" LastDayRiches="3836336" OpenApply="true" StoreLevel="8" SmithLevel="10" ShopLevel="2" BufferLevel="8" ConsortiaGiftGp="0" ConsortiaAddDayGiftGp="0" ConsortiaAddWeekGiftGp="0" Port="0" IsVoting="false" VoteRemainDay="3" CharmGP="0" BadgeBuyTime="" BadgeID="0" ValidDate="0">
    <Item ID="121" UserName="thanhdang9x" NickName="Nats" typeVIP="1" VIPLevel="1" Grade="60" Colors=",,,,,,,,,,,,,,," Skin="" Sex="true" Style="11000016,2300,3658,4329,52000067,6388,70993,13186,15100,16051,17012,9522,50103,,," ConsortiaName="sadsad" Hide="1111122223" Offer="2003784" ReputeOffer="0" ConsortiaHonor="2003784" ConsortiaLevel="10" StoreLevel="8" ShopLevel="2" SmithLevel="10" ConsortiaRepute="27" WinCount="2" TotalCount="2" EscapeCount="0" Repute="2" AddDayGP="0" AddDayOffer="0" AddWeekGP="0" AddWeekOffer="0" ConsortiaRiches="3836336" Nimbus="505" GP="211140995" FightPower="1335647" AchievementPoint="1215" Rank="" AddDayAchievementPoint="0" AddWeekAchievementPoint="0" GiftGp="0" GiftLevel="1" AddDayGiftGp="0" AddWeekGiftGp="0" ApprenticeshipState="0" AddWeekLeagueScore="0" />
  </Item>
  <Item ConsortiaID="20" BuildDate="2021-07-26 19:53:56" CelebCount="0" ChairmanID="132" ChairmanName="Suty304" ChairmanTypeVIP="0" ChairmanVIPLevel="0" ConsortiaName="Tuoi LOL" CreatorID="132" CreatorName="Suty304" Description="" Honor="2997010" IP="" Level="10" MaxCount="200" Placard="" Repute="23" Count="1" Riches="451870" FightPower="0" DeductDate="2021-07-26 19:53:56" AddDayHonor="0" AddDayRiches="0" AddWeekHonor="0" AddWeekRiches="0" LastDayRiches="5170000" OpenApply="true" StoreLevel="10" SmithLevel="10" ShopLevel="5" BufferLevel="10" ConsortiaGiftGp="0" ConsortiaAddDayGiftGp="0" ConsortiaAddWeekGiftGp="0" Port="0" IsVoting="false" VoteRemainDay="3" CharmGP="0" BadgeBuyTime="" BadgeID="0" ValidDate="0">
    <Item ID="132" UserName="suty304" NickName="Suty304" typeVIP="0" VIPLevel="0" Grade="60" Colors=",,,,,,,,,,,,,,," Skin="" Sex="false" Style="1830,2277,3283,4282,5824,6244,70993,13414,15100,16015,17005,9522,50103,,," ConsortiaName="Tuoi LOL" Hide="1111122223" Offer="2997010" ReputeOffer="0" ConsortiaHonor="2997010" ConsortiaLevel="10" StoreLevel="10" ShopLevel="5" SmithLevel="10" ConsortiaRepute="23" WinCount="1" TotalCount="2" EscapeCount="0" Repute="34" AddDayGP="0" AddDayOffer="0" AddWeekGP="0" AddWeekOffer="0" ConsortiaRiches="5170000" Nimbus="505" GP="211140995" FightPower="1019813" AchievementPoint="1205" Rank="" AddDayAchievementPoint="0" AddWeekAchievementPoint="0" GiftGp="0" GiftLevel="1" AddDayGiftGp="0" AddWeekGiftGp="0" ApprenticeshipState="0" AddWeekLeagueScore="0" />
  </Item>
  <Item ConsortiaID="26" BuildDate="2021-07-27 09:05:59" CelebCount="0" ChairmanID="136" ChairmanName="MrBoy" ChairmanTypeVIP="0" ChairmanVIPLevel="0" ConsortiaName="KếTOP" CreatorID="136" CreatorName="MrBoy" Description="" Honor="2997066" IP="" Level="10" MaxCount="200" Placard="" Repute="28" Count="1" Riches="347069" FightPower="0" DeductDate="2021-07-27 09:05:59" AddDayHonor="0" AddDayRiches="0" AddWeekHonor="0" AddWeekRiches="0" LastDayRiches="2288699" OpenApply="true" StoreLevel="5" SmithLevel="8" ShopLevel="2" BufferLevel="10" ConsortiaGiftGp="0" ConsortiaAddDayGiftGp="0" ConsortiaAddWeekGiftGp="0" Port="0" IsVoting="false" VoteRemainDay="3" CharmGP="0" BadgeBuyTime="" BadgeID="0" ValidDate="0">
    <Item ID="136" UserName="thachlo1331995" NickName="MrBoy" typeVIP="1" VIPLevel="0" Grade="60" Colors=",,,,,,,,,,,,,,," Skin="" Sex="true" Style=",2120,3530,4192,,6388,,13371,15100,16015,17013,9522,50103,,," ConsortiaName="KếTOP" Hide="1111122123" Offer="2997066" ReputeOffer="0" ConsortiaHonor="2997066" ConsortiaLevel="10" StoreLevel="5" ShopLevel="2" SmithLevel="8" ConsortiaRepute="28" WinCount="0" TotalCount="1" EscapeCount="0" Repute="124" AddDayGP="0" AddDayOffer="0" AddWeekGP="0" AddWeekOffer="0" ConsortiaRiches="2288699" Nimbus="0" GP="211140995" FightPower="50907" AchievementPoint="1205" Rank="" AddDayAchievementPoint="0" AddWeekAchievementPoint="0" GiftGp="0" GiftLevel="1" AddDayGiftGp="0" AddWeekGiftGp="0" ApprenticeshipState="0" AddWeekLeagueScore="0" />
  </Item>
  <Item ConsortiaID="16" BuildDate="2021-07-26 17:48:35" CelebCount="0" ChairmanID="113" ChairmanName="giáosưSói" ChairmanTypeVIP="0" ChairmanVIPLevel="0" ConsortiaName="NSND BUG" CreatorID="113" CreatorName="giáosưSói" Description="" Honor="3996426" IP="" Level="10" MaxCount="200" Placard="" Repute="25" Count="1" Riches="241870" FightPower="0" DeductDate="2021-07-26 17:48:35" AddDayHonor="0" AddDayRiches="0" AddWeekHonor="0" AddWeekRiches="0" LastDayRiches="4960000" OpenApply="true" StoreLevel="10" SmithLevel="10" ShopLevel="5" BufferLevel="10" ConsortiaGiftGp="0" ConsortiaAddDayGiftGp="0" ConsortiaAddWeekGiftGp="0" Port="0" IsVoting="false" VoteRemainDay="3" CharmGP="0" BadgeBuyTime="" BadgeID="0" ValidDate="0">
    <Item ID="113" UserName="tiensysoi1" NickName="giáosưSói" typeVIP="2" VIPLevel="1" Grade="60" Colors=",,,,,,,,,,,,,,," Skin="" Sex="true" Style="11000016,2106,3530,4105,5937,6388,70993,13104,15100,16045,17005,9522,50103,315005,," ConsortiaName="NSND BUG" Hide="1111122223" Offer="3996426" ReputeOffer="0" ConsortiaHonor="3996426" ConsortiaLevel="10" StoreLevel="10" ShopLevel="5" SmithLevel="10" ConsortiaRepute="25" WinCount="0" TotalCount="1" EscapeCount="0" Repute="5" AddDayGP="0" AddDayOffer="0" AddWeekGP="0" AddWeekOffer="0" ConsortiaRiches="4960000" Nimbus="505" GP="211140995" FightPower="1288030" AchievementPoint="1215" Rank="" AddDayAchievementPoint="0" AddWeekAchievementPoint="0" GiftGp="0" GiftLevel="1" AddDayGiftGp="0" AddWeekGiftGp="0" ApprenticeshipState="0" AddWeekLeagueScore="0" />
  </Item>
  <Item ConsortiaID="23" BuildDate="2021-07-26 23:17:07" CelebCount="0" ChairmanID="28" ChairmanName="Demo123" ChairmanTypeVIP="0" ChairmanVIPLevel="0" ConsortiaName="xxx" CreatorID="28" CreatorName="Demo123" Description="" Honor="0" IP="" Level="1" MaxCount="100" Placard="" Repute="29" Count="1" Riches="0" FightPower="0" DeductDate="2021-07-26 23:17:07" AddDayHonor="0" AddDayRiches="0" AddWeekHonor="0" AddWeekRiches="0" LastDayRiches="0" OpenApply="true" StoreLevel="0" SmithLevel="0" ShopLevel="0" BufferLevel="0" ConsortiaGiftGp="0" ConsortiaAddDayGiftGp="0" ConsortiaAddWeekGiftGp="0" Port="0" IsVoting="false" VoteRemainDay="3" CharmGP="0" BadgeBuyTime="" BadgeID="0" ValidDate="0">
    <Item ID="28" UserName="khanhlam" NickName="Demo123" typeVIP="1" VIPLevel="9" Grade="59" Colors=",,,,,,,,,,,,,,," Skin="" Sex="true" Style="1730,,3158,,5160,6103,70246,,15100,,17005,9522,,,," ConsortiaName="xxx" Hide="1111111221" Offer="0" ReputeOffer="0" ConsortiaHonor="0" ConsortiaLevel="1" StoreLevel="0" ShopLevel="0" SmithLevel="0" ConsortiaRepute="29" WinCount="1" TotalCount="2" EscapeCount="0" Repute="132" AddDayGP="-707" AddDayOffer="0" AddWeekGP="-707" AddWeekOffer="0" ConsortiaRiches="0" Nimbus="0" GP="200148679" FightPower="11256" AchievementPoint="620" Rank="" AddDayAchievementPoint="0" AddWeekAchievementPoint="0" GiftGp="0" GiftLevel="1" AddDayGiftGp="0" AddWeekGiftGp="0" ApprenticeshipState="0" AddWeekLeagueScore="0" />
  </Item>
</Result>