<Result value="true" message="Success!" date="2021-05-19">
  <Item ID="1" UserName="hung01" NickName="Account1" typeVIP="2" VIPLevel="1" Grade="31" Colors=",,,,,,,,,,,,,,," Skin="" Sex="true" Style="1144,2102,,,5131,,70246,,15008,,17001,,,,," ConsortiaName="" Hide="1111111113" Offer="0" ReputeOffer="0" ConsortiaHonor="0" ConsortiaLevel="0" StoreLevel="0" ShopLevel="0" SmithLevel="0" ConsortiaRepute="0" WinCount="11" TotalCount="19" EscapeCount="0" Repute="15" AddDayGP="0" AddDayOffer="0" AddWeekGP="0" AddWeekOffer="0" ConsortiaRiches="0" Nimbus="3" GP="4476918" FightPower="13581" AchievementPoint="220" Rank="" AddDayAchievementPoint="0" AddWeekAchievementPoint="0" GiftGp="0" GiftLevel="1" AddDayGiftGp="0" AddWeekGiftGp="0" ApprenticeshipState="0" AddWeekLeagueScore="100000" />
  <Item ID="48" UserName="anhhoivip7c" NickName="test02" typeVIP="0" VIPLevel="0" Grade="1" Colors=",,,,,,,,,,,,,,," Skin="" Sex="true" Style="1142,,3158,,5160,6103,7008,,,,,,,,," ConsortiaName="" Hide="1111111111" Offer="0" ReputeOffer="0" ConsortiaHonor="0" ConsortiaLevel="0" StoreLevel="0" ShopLevel="0" SmithLevel="0" ConsortiaRepute="0" WinCount="0" TotalCount="0" EscapeCount="0" Repute="63" AddDayGP="0" AddDayOffer="0" AddWeekGP="0" AddWeekOffer="0" ConsortiaRiches="0" Nimbus="0" GP="1" FightPower="684" AchievementPoint="0" Rank="" AddDayAchievementPoint="0" AddWeekAchievementPoint="0" GiftGp="0" GiftLevel="1" AddDayGiftGp="0" AddWeekGiftGp="0" ApprenticeshipState="0" AddWeekLeagueScore="0" />
  <Item ID="49" UserName="nhozzip1799" NickName="Mikute" typeVIP="0" VIPLevel="0" Grade="12" Colors=",,,,,,,,,,,,,,," Skin="" Sex="false" Style="1206,2212,3244,,5210,6204,7008,,15007,,,,,,," ConsortiaName="" Hide="1111111211" Offer="0" ReputeOffer="0" ConsortiaHonor="0" ConsortiaLevel="0" StoreLevel="0" ShopLevel="0" SmithLevel="0" ConsortiaRepute="0" WinCount="1" TotalCount="1" EscapeCount="0" Repute="29" AddDayGP="0" AddDayOffer="0" AddWeekGP="0" AddWeekOffer="0" ConsortiaRiches="0" Nimbus="0" GP="71218" FightPower="1767" AchievementPoint="0" Rank="" AddDayAchievementPoint="0" AddWeekAchievementPoint="0" GiftGp="0" GiftLevel="1" AddDayGiftGp="0" AddWeekGiftGp="0" ApprenticeshipState="0" AddWeekLeagueScore="0" />
  <Item ID="50" UserName="banhxuana1" NickName="๖Vegetaツ" typeVIP="0" VIPLevel="0" Grade="12" Colors=",,,,,,,,,,,,,,," Skin="" Sex="true" Style="1142,,3158,,5160,6103,7008,,,,,,,,," ConsortiaName="" Hide="1111111111" Offer="0" ReputeOffer="0" ConsortiaHonor="0" ConsortiaLevel="0" StoreLevel="0" ShopLevel="0" SmithLevel="0" ConsortiaRepute="0" WinCount="1" TotalCount="1" EscapeCount="0" Repute="30" AddDayGP="0" AddDayOffer="0" AddWeekGP="0" AddWeekOffer="0" ConsortiaRiches="0" Nimbus="0" GP="70981" FightPower="1739" AchievementPoint="0" Rank="" AddDayAchievementPoint="0" AddWeekAchievementPoint="0" GiftGp="0" GiftLevel="1" AddDayGiftGp="0" AddWeekGiftGp="0" ApprenticeshipState="0" AddWeekLeagueScore="0" />
  <Item ID="51" UserName="gunny55555" NickName="bốnef" typeVIP="0" VIPLevel="0" Grade="10" Colors=",,,,,,,,,,,,,,," Skin="" Sex="true" Style="1142,,3158,,5160,6103,7008,,,,,,,,," ConsortiaName="" Hide="1111111111" Offer="0" ReputeOffer="0" ConsortiaHonor="0" ConsortiaLevel="0" StoreLevel="0" ShopLevel="0" SmithLevel="0" ConsortiaRepute="0" WinCount="0" TotalCount="0" EscapeCount="0" Repute="48" AddDayGP="0" AddDayOffer="0" AddWeekGP="0" AddWeekOffer="0" ConsortiaRiches="0" Nimbus="0" GP="25900" FightPower="1587" AchievementPoint="0" Rank="" AddDayAchievementPoint="0" AddWeekAchievementPoint="0" GiftGp="0" GiftLevel="1" AddDayGiftGp="0" AddWeekGiftGp="0" ApprenticeshipState="0" AddWeekLeagueScore="0" />
  <Item ID="52" UserName="haile98" NickName="satham" typeVIP="0" VIPLevel="0" Grade="10" Colors=",,,,,,,,,,,,,,," Skin="" Sex="true" Style="1142,,3158,,5160,6103,7008,,,,,,,,," ConsortiaName="" Hide="1111111111" Offer="0" ReputeOffer="0" ConsortiaHonor="0" ConsortiaLevel="0" StoreLevel="0" ShopLevel="0" SmithLevel="0" ConsortiaRepute="0" WinCount="0" TotalCount="0" EscapeCount="0" Repute="59" AddDayGP="0" AddDayOffer="0" AddWeekGP="0" AddWeekOffer="0" ConsortiaRiches="0" Nimbus="0" GP="25900" FightPower="684" AchievementPoint="0" Rank="" AddDayAchievementPoint="0" AddWeekAchievementPoint="0" GiftGp="0" GiftLevel="1" AddDayGiftGp="0" AddWeekGiftGp="0" ApprenticeshipState="0" AddWeekLeagueScore="0" />
  <Item ID="53" UserName="kulyphaphach" NickName="Sorrymybad" typeVIP="0" VIPLevel="0" Grade="11" Colors=",,,,,,,,,,,,,,," Skin="" Sex="false" Style="1214,,3244,,5276,6204,7008,,,,,,,,," ConsortiaName="" Hide="1111111111" Offer="0" ReputeOffer="0" ConsortiaHonor="0" ConsortiaLevel="0" StoreLevel="0" ShopLevel="0" SmithLevel="0" ConsortiaRepute="0" WinCount="0" TotalCount="0" EscapeCount="0" Repute="60" AddDayGP="0" AddDayOffer="0" AddWeekGP="0" AddWeekOffer="0" ConsortiaRiches="0" Nimbus="0" GP="53900" FightPower="684" AchievementPoint="0" Rank="" AddDayAchievementPoint="0" AddWeekAchievementPoint="0" GiftGp="0" GiftLevel="1" AddDayGiftGp="0" AddWeekGiftGp="0" ApprenticeshipState="0" AddWeekLeagueScore="0" />
  <Item ID="54" UserName="xuanlam98" NickName="zephyslauriel" typeVIP="0" VIPLevel="0" Grade="11" Colors=",,,,,,,,,,,,,,," Skin="" Sex="true" Style="1981,2302,3531,4524,5946,6380,70062,13748,15043,16045,,,,315001,," ConsortiaName="" Hide="1111121113" Offer="0" ReputeOffer="0" ConsortiaHonor="0" ConsortiaLevel="0" StoreLevel="0" ShopLevel="0" SmithLevel="0" ConsortiaRepute="0" WinCount="0" TotalCount="0" EscapeCount="0" Repute="16" AddDayGP="0" AddDayOffer="0" AddWeekGP="0" AddWeekOffer="0" ConsortiaRiches="0" Nimbus="303" GP="56200" FightPower="12678" AchievementPoint="200" Rank="" AddDayAchievementPoint="0" AddWeekAchievementPoint="0" GiftGp="0" GiftLevel="1" AddDayGiftGp="0" AddWeekGiftGp="0" ApprenticeshipState="0" AddWeekLeagueScore="0" />
  <Item ID="55" UserName="hoang123" NickName="ThamLam" typeVIP="0" VIPLevel="0" Grade="11" Colors=",,,,,,,,,,,,,,," Skin="" Sex="true" Style="1142,,3158,,5160,6103,7008,,,,,,,,," ConsortiaName="" Hide="1111111111" Offer="0" ReputeOffer="0" ConsortiaHonor="0" ConsortiaLevel="0" StoreLevel="0" ShopLevel="0" SmithLevel="0" ConsortiaRepute="0" WinCount="0" TotalCount="0" EscapeCount="0" Repute="64" AddDayGP="0" AddDayOffer="0" AddWeekGP="0" AddWeekOffer="0" ConsortiaRiches="0" Nimbus="0" GP="53900" FightPower="684" AchievementPoint="0" Rank="" AddDayAchievementPoint="0" AddWeekAchievementPoint="0" GiftGp="0" GiftLevel="1" AddDayGiftGp="0" AddWeekGiftGp="0" ApprenticeshipState="0" AddWeekLeagueScore="0" />
  <Item ID="56" UserName="bogaycanh" NickName="Cocaidaubuoi" typeVIP="0" VIPLevel="0" Grade="11" Colors=",,,,,,,,,,,,,,," Skin="" Sex="true" Style="1144,2102,3158,,5131,6103,7008,,15004,,,,,,," ConsortiaName="" Hide="1111111111" Offer="0" ReputeOffer="0" ConsortiaHonor="0" ConsortiaLevel="0" StoreLevel="0" ShopLevel="0" SmithLevel="0" ConsortiaRepute="0" WinCount="0" TotalCount="0" EscapeCount="0" Repute="38" AddDayGP="0" AddDayOffer="0" AddWeekGP="0" AddWeekOffer="0" ConsortiaRiches="0" Nimbus="0" GP="53900" FightPower="1676" AchievementPoint="0" Rank="" AddDayAchievementPoint="0" AddWeekAchievementPoint="0" GiftGp="0" GiftLevel="1" AddDayGiftGp="0" AddWeekGiftGp="0" ApprenticeshipState="0" AddWeekLeagueScore="0" />
  <Item ID="58" UserName="bzee123" NickName="bzee123" typeVIP="0" VIPLevel="0" Grade="11" Colors=",,,,,,,,,,,,,,," Skin="" Sex="true" Style="1144,2102,3158,,5131,6103,7008,13863,15004,,,,,,," ConsortiaName="" Hide="1111112111" Offer="0" ReputeOffer="0" ConsortiaHonor="0" ConsortiaLevel="0" StoreLevel="0" ShopLevel="0" SmithLevel="0" ConsortiaRepute="0" WinCount="0" TotalCount="0" EscapeCount="0" Repute="37" AddDayGP="0" AddDayOffer="0" AddWeekGP="0" AddWeekOffer="0" ConsortiaRiches="0" Nimbus="0" GP="53768" FightPower="1690" AchievementPoint="0" Rank="" AddDayAchievementPoint="0" AddWeekAchievementPoint="0" GiftGp="0" GiftLevel="1" AddDayGiftGp="0" AddWeekGiftGp="0" ApprenticeshipState="0" AddWeekLeagueScore="0" />
  <Item ID="59" UserName="d12eminem" NickName="D12MU" typeVIP="0" VIPLevel="0" Grade="53" Colors=",,,,,,,,,,,,,,," Skin="" Sex="true" Style="52000510,2129,52000511,4105,52000512,52000513,70993,13896,15128,,17017,9522,,,," ConsortiaName="" Hide="1111111113" Offer="0" ReputeOffer="0" ConsortiaHonor="0" ConsortiaLevel="0" StoreLevel="0" ShopLevel="0" SmithLevel="0" ConsortiaRepute="0" WinCount="7" TotalCount="7" EscapeCount="0" Repute="2" AddDayGP="0" AddDayOffer="0" AddWeekGP="0" AddWeekOffer="0" ConsortiaRiches="0" Nimbus="505" GP="100628849" FightPower="434256" AchievementPoint="1130" Rank="" AddDayAchievementPoint="0" AddWeekAchievementPoint="0" GiftGp="0" GiftLevel="1" AddDayGiftGp="0" AddWeekGiftGp="0" ApprenticeshipState="0" AddWeekLeagueScore="0" />
  <Item ID="60" UserName="best7102001" NickName="Best" typeVIP="0" VIPLevel="0" Grade="11" Colors=",,,,,,,,,,,,,,," Skin="" Sex="true" Style="1142,,3158,,5160,6103,7008,,,,,,,,," ConsortiaName="" Hide="1111111111" Offer="0" ReputeOffer="0" ConsortiaHonor="0" ConsortiaLevel="0" StoreLevel="0" ShopLevel="0" SmithLevel="0" ConsortiaRepute="0" WinCount="0" TotalCount="0" EscapeCount="0" Repute="76" AddDayGP="0" AddDayOffer="0" AddWeekGP="0" AddWeekOffer="0" ConsortiaRiches="0" Nimbus="0" GP="53900" FightPower="684" AchievementPoint="0" Rank="" AddDayAchievementPoint="0" AddWeekAchievementPoint="0" GiftGp="0" GiftLevel="1" AddDayGiftGp="0" AddWeekGiftGp="0" ApprenticeshipState="0" AddWeekLeagueScore="0" />
  <Item ID="61" UserName="banhxuanan11" NickName="SonGoHan" typeVIP="0" VIPLevel="0" Grade="10" Colors=",,,,,,,,,,,,,,," Skin="" Sex="true" Style="1142,,3158,,5160,6103,7008,,,,,,,,," ConsortiaName="" Hide="1111111111" Offer="0" ReputeOffer="0" ConsortiaHonor="0" ConsortiaLevel="0" StoreLevel="0" ShopLevel="0" SmithLevel="0" ConsortiaRepute="0" WinCount="0" TotalCount="0" EscapeCount="0" Repute="45" AddDayGP="0" AddDayOffer="0" AddWeekGP="0" AddWeekOffer="0" ConsortiaRiches="0" Nimbus="0" GP="25900" FightPower="1587" AchievementPoint="0" Rank="" AddDayAchievementPoint="0" AddWeekAchievementPoint="0" GiftGp="0" GiftLevel="1" AddDayGiftGp="0" AddWeekGiftGp="0" ApprenticeshipState="0" AddWeekLeagueScore="0" />
  <Item ID="62" UserName="hung01" NickName="hung02" typeVIP="1" VIPLevel="1" Grade="30" Colors=",,,,,,,,,,,,,,," Skin="" Sex="false" Style=",,,,,,70246,,,,,,,,," ConsortiaName="" Hide="1111111111" Offer="0" ReputeOffer="0" ConsortiaHonor="0" ConsortiaLevel="0" StoreLevel="0" ShopLevel="0" SmithLevel="0" ConsortiaRepute="0" WinCount="1" TotalCount="1" EscapeCount="0" Repute="20" AddDayGP="0" AddDayOffer="0" AddWeekGP="0" AddWeekOffer="0" ConsortiaRiches="0" Nimbus="0" GP="3629012" FightPower="3806" AchievementPoint="130" Rank="" AddDayAchievementPoint="0" AddWeekAchievementPoint="0" GiftGp="0" GiftLevel="1" AddDayGiftGp="0" AddWeekGiftGp="0" ApprenticeshipState="0" AddWeekLeagueScore="0" />
  <Item ID="63" UserName="gamachi" NickName="gamachi" typeVIP="0" VIPLevel="0" Grade="11" Colors=",,,,,,,,,,,,,,," Skin="" Sex="true" Style="1143,2122,3158,,5131,6103,7008,,15005,,,,,,," ConsortiaName="" Hide="1111111111" Offer="0" ReputeOffer="0" ConsortiaHonor="0" ConsortiaLevel="0" StoreLevel="0" ShopLevel="0" SmithLevel="0" ConsortiaRepute="0" WinCount="0" TotalCount="0" EscapeCount="0" Repute="33" AddDayGP="0" AddDayOffer="0" AddWeekGP="0" AddWeekOffer="0" ConsortiaRiches="0" Nimbus="0" GP="53905" FightPower="1714" AchievementPoint="0" Rank="" AddDayAchievementPoint="0" AddWeekAchievementPoint="0" GiftGp="0" GiftLevel="1" AddDayGiftGp="0" AddWeekGiftGp="0" ApprenticeshipState="0" AddWeekLeagueScore="0" />
  <Item ID="64" UserName="caychay" NickName="diepvien" typeVIP="0" VIPLevel="0" Grade="1" Colors=",,,,,,,,,,,,,,," Skin="" Sex="false" Style="1214,,3244,,5276,6204,7008,,,,,,,,," ConsortiaName="" Hide="1111111111" Offer="0" ReputeOffer="0" ConsortiaHonor="0" ConsortiaLevel="0" StoreLevel="0" ShopLevel="0" SmithLevel="0" ConsortiaRepute="0" WinCount="0" TotalCount="0" EscapeCount="0" Repute="65" AddDayGP="0" AddDayOffer="0" AddWeekGP="0" AddWeekOffer="0" ConsortiaRiches="0" Nimbus="0" GP="1" FightPower="684" AchievementPoint="0" Rank="" AddDayAchievementPoint="0" AddWeekAchievementPoint="0" GiftGp="0" GiftLevel="1" AddDayGiftGp="0" AddWeekGiftGp="0" ApprenticeshipState="0" AddWeekLeagueScore="0" />
  <Item ID="65" UserName="zyplex00" NickName="AMZXX" typeVIP="0" VIPLevel="0" Grade="11" Colors=",,,,,,,,,,,,,,," Skin="" Sex="true" Style="1142,,3158,,5160,6103,7008,,,,,,,,," ConsortiaName="" Hide="1111111111" Offer="0" ReputeOffer="0" ConsortiaHonor="0" ConsortiaLevel="0" StoreLevel="0" ShopLevel="0" SmithLevel="0" ConsortiaRepute="0" WinCount="0" TotalCount="0" EscapeCount="0" Repute="66" AddDayGP="0" AddDayOffer="0" AddWeekGP="0" AddWeekOffer="0" ConsortiaRiches="0" Nimbus="0" GP="53906" FightPower="684" AchievementPoint="0" Rank="" AddDayAchievementPoint="0" AddWeekAchievementPoint="0" GiftGp="0" GiftLevel="1" AddDayGiftGp="0" AddWeekGiftGp="0" ApprenticeshipState="0" AddWeekLeagueScore="0" />
  <Item ID="66" UserName="manhtien41" NickName="yghjg" typeVIP="0" VIPLevel="0" Grade="11" Colors=",,,,,,,,,,,,,,," Skin="" Sex="false" Style="1214,,3244,,5276,6204,7008,,,,,,,,," ConsortiaName="" Hide="1111111111" Offer="0" ReputeOffer="0" ConsortiaHonor="0" ConsortiaLevel="0" StoreLevel="0" ShopLevel="0" SmithLevel="0" ConsortiaRepute="0" WinCount="0" TotalCount="0" EscapeCount="0" Repute="67" AddDayGP="0" AddDayOffer="0" AddWeekGP="0" AddWeekOffer="0" ConsortiaRiches="0" Nimbus="0" GP="55386" FightPower="684" AchievementPoint="0" Rank="" AddDayAchievementPoint="0" AddWeekAchievementPoint="0" GiftGp="0" GiftLevel="1" AddDayGiftGp="0" AddWeekGiftGp="0" ApprenticeshipState="0" AddWeekLeagueScore="0" />
  <Item ID="67" UserName="khac111" NickName="HaiVL" typeVIP="0" VIPLevel="0" Grade="11" Colors=",,,,,,,,,,,,,,," Skin="" Sex="false" Style="1214,2212,3244,,5276,6204,7008,,15008,,,,,,," ConsortiaName="" Hide="1111111111" Offer="0" ReputeOffer="0" ConsortiaHonor="0" ConsortiaLevel="0" StoreLevel="0" ShopLevel="0" SmithLevel="0" ConsortiaRepute="0" WinCount="0" TotalCount="0" EscapeCount="0" Repute="39" AddDayGP="0" AddDayOffer="0" AddWeekGP="0" AddWeekOffer="0" ConsortiaRiches="0" Nimbus="0" GP="53900" FightPower="1676" AchievementPoint="0" Rank="" AddDayAchievementPoint="0" AddWeekAchievementPoint="0" GiftGp="0" GiftLevel="1" AddDayGiftGp="0" AddWeekGiftGp="0" ApprenticeshipState="0" AddWeekLeagueScore="0" />
  <Item ID="68" UserName="deptrai" NickName="longido" typeVIP="0" VIPLevel="0" Grade="1" Colors=",,,,,,,,,,,,,,," Skin="" Sex="false" Style="1214,,3244,,5276,6204,7008,,,,,,,,," ConsortiaName="" Hide="1111111111" Offer="0" ReputeOffer="0" ConsortiaHonor="0" ConsortiaLevel="0" StoreLevel="0" ShopLevel="0" SmithLevel="0" ConsortiaRepute="0" WinCount="0" TotalCount="0" EscapeCount="0" Repute="72" AddDayGP="0" AddDayOffer="0" AddWeekGP="0" AddWeekOffer="0" ConsortiaRiches="0" Nimbus="0" GP="1" FightPower="684" AchievementPoint="0" Rank="" AddDayAchievementPoint="0" AddWeekAchievementPoint="0" GiftGp="0" GiftLevel="1" AddDayGiftGp="0" AddWeekGiftGp="0" ApprenticeshipState="0" AddWeekLeagueScore="0" />
  <Item ID="69" UserName="huydz1131" NickName="asda" typeVIP="0" VIPLevel="0" Grade="1" Colors=",,,,,,,,,,,,,,," Skin="" Sex="true" Style="1142,,3158,,5160,6103,7008,,,,,,,,," ConsortiaName="" Hide="1111111111" Offer="0" ReputeOffer="0" ConsortiaHonor="0" ConsortiaLevel="0" StoreLevel="0" ShopLevel="0" SmithLevel="0" ConsortiaRepute="0" WinCount="0" TotalCount="0" EscapeCount="0" Repute="73" AddDayGP="0" AddDayOffer="0" AddWeekGP="0" AddWeekOffer="0" ConsortiaRiches="0" Nimbus="0" GP="1" FightPower="684" AchievementPoint="0" Rank="" AddDayAchievementPoint="0" AddWeekAchievementPoint="0" GiftGp="0" GiftLevel="1" AddDayGiftGp="0" AddWeekGiftGp="0" ApprenticeshipState="0" AddWeekLeagueScore="0" />
  <Item ID="70" UserName="ngocnhi2019" NickName="TruongVoKy" typeVIP="0" VIPLevel="0" Grade="1" Colors=",,,,,,,,,,,,,,," Skin="" Sex="false" Style="1214,,3244,,5276,6204,7008,,,,,,,,," ConsortiaName="" Hide="1111111111" Offer="0" ReputeOffer="0" ConsortiaHonor="0" ConsortiaLevel="0" StoreLevel="0" ShopLevel="0" SmithLevel="0" ConsortiaRepute="0" WinCount="0" TotalCount="0" EscapeCount="0" Repute="74" AddDayGP="0" AddDayOffer="0" AddWeekGP="0" AddWeekOffer="0" ConsortiaRiches="0" Nimbus="0" GP="1" FightPower="684" AchievementPoint="0" Rank="" AddDayAchievementPoint="0" AddWeekAchievementPoint="0" GiftGp="0" GiftLevel="1" AddDayGiftGp="0" AddWeekGiftGp="0" ApprenticeshipState="0" AddWeekLeagueScore="0" />
  <Item ID="71" UserName="buoiviettrong" NickName="S1No01" typeVIP="0" VIPLevel="0" Grade="11" Colors=",,,,,,,,,,,,,,," Skin="" Sex="false" Style="1214,2212,3244,,5276,6204,7008,13863,15008,,,,,,," ConsortiaName="" Hide="1111122221" Offer="0" ReputeOffer="0" ConsortiaHonor="0" ConsortiaLevel="0" StoreLevel="0" ShopLevel="0" SmithLevel="0" ConsortiaRepute="0" WinCount="0" TotalCount="1" EscapeCount="0" Repute="34" AddDayGP="0" AddDayOffer="0" AddWeekGP="0" AddWeekOffer="0" ConsortiaRiches="0" Nimbus="0" GP="53908" FightPower="1696" AchievementPoint="0" Rank="" AddDayAchievementPoint="0" AddWeekAchievementPoint="0" GiftGp="0" GiftLevel="1" AddDayGiftGp="0" AddWeekGiftGp="0" ApprenticeshipState="0" AddWeekLeagueScore="0" />
  <Item ID="72" UserName="emngonlam" NickName="ツⓣⓤⓐⓝツ" typeVIP="0" VIPLevel="0" Grade="1" Colors=",,,,,,,,,,,,,,," Skin="" Sex="true" Style="1142,,3158,,5160,6103,7008,,,,,,,,," ConsortiaName="" Hide="1111111111" Offer="0" ReputeOffer="0" ConsortiaHonor="0" ConsortiaLevel="0" StoreLevel="0" ShopLevel="0" SmithLevel="0" ConsortiaRepute="0" WinCount="0" TotalCount="0" EscapeCount="0" Repute="75" AddDayGP="0" AddDayOffer="0" AddWeekGP="0" AddWeekOffer="0" ConsortiaRiches="0" Nimbus="0" GP="1" FightPower="684" AchievementPoint="0" Rank="" AddDayAchievementPoint="0" AddWeekAchievementPoint="0" GiftGp="0" GiftLevel="1" AddDayGiftGp="0" AddWeekGiftGp="0" ApprenticeshipState="0" AddWeekLeagueScore="0" />
  <Item ID="73" UserName="ducphung00" NickName="๖²⁴ʱ๖ۣۜTɦαм๖ۣۜ" typeVIP="2" VIPLevel="0" Grade="24" Colors=",,,,,,,,,,,,,,," Skin="" Sex="true" Style="1122,2129,3110,4105,5130,6103,70103,13145,15007,,,,,315003,," ConsortiaName="" Hide="1111111113" Offer="0" ReputeOffer="0" ConsortiaHonor="0" ConsortiaLevel="0" StoreLevel="0" ShopLevel="0" SmithLevel="0" ConsortiaRepute="0" WinCount="2" TotalCount="3" EscapeCount="0" Repute="12" AddDayGP="0" AddDayOffer="0" AddWeekGP="0" AddWeekOffer="0" ConsortiaRiches="0" Nimbus="505" GP="1304650" FightPower="33334" AchievementPoint="360" Rank="" AddDayAchievementPoint="0" AddWeekAchievementPoint="0" GiftGp="0" GiftLevel="1" AddDayGiftGp="0" AddWeekGiftGp="0" ApprenticeshipState="0" AddWeekLeagueScore="0" />
  <Item ID="74" UserName="sai123tc10" NickName="thuyvan" typeVIP="0" VIPLevel="0" Grade="10" Colors=",,,,,,,,,,,,,,," Skin="" Sex="false" Style="1214,,3244,,5276,6204,7008,,,,,,,,," ConsortiaName="" Hide="1111111111" Offer="0" ReputeOffer="0" ConsortiaHonor="0" ConsortiaLevel="0" StoreLevel="0" ShopLevel="0" SmithLevel="0" ConsortiaRepute="0" WinCount="0" TotalCount="0" EscapeCount="0" Repute="47" AddDayGP="0" AddDayOffer="0" AddWeekGP="0" AddWeekOffer="0" ConsortiaRiches="0" Nimbus="0" GP="26780" FightPower="1587" AchievementPoint="0" Rank="" AddDayAchievementPoint="0" AddWeekAchievementPoint="0" GiftGp="0" GiftLevel="1" AddDayGiftGp="0" AddWeekGiftGp="0" ApprenticeshipState="0" AddWeekLeagueScore="0" />
  <Item ID="75" UserName="test123" NickName="Test123" typeVIP="0" VIPLevel="0" Grade="1" Colors=",,,,,,,,,,,,,,," Skin="" Sex="true" Style="1142,,3158,,5160,6103,7008,,,,,,,,," ConsortiaName="" Hide="1111111111" Offer="0" ReputeOffer="0" ConsortiaHonor="0" ConsortiaLevel="0" StoreLevel="0" ShopLevel="0" SmithLevel="0" ConsortiaRepute="0" WinCount="0" TotalCount="0" EscapeCount="0" Repute="68" AddDayGP="0" AddDayOffer="0" AddWeekGP="0" AddWeekOffer="0" ConsortiaRiches="0" Nimbus="0" GP="1" FightPower="684" AchievementPoint="0" Rank="" AddDayAchievementPoint="0" AddWeekAchievementPoint="0" GiftGp="0" GiftLevel="1" AddDayGiftGp="0" AddWeekGiftGp="0" ApprenticeshipState="0" AddWeekLeagueScore="0" />
  <Item ID="76" UserName="gin2022" NickName="GINI1" typeVIP="0" VIPLevel="0" Grade="10" Colors=",,,,,,,,,,,,,,," Skin="" Sex="true" Style="1142,,3158,,5160,6103,7008,,,,,,,,," ConsortiaName="" Hide="1111111111" Offer="0" ReputeOffer="0" ConsortiaHonor="0" ConsortiaLevel="0" StoreLevel="0" ShopLevel="0" SmithLevel="0" ConsortiaRepute="0" WinCount="0" TotalCount="0" EscapeCount="0" Repute="69" AddDayGP="0" AddDayOffer="0" AddWeekGP="0" AddWeekOffer="0" ConsortiaRiches="0" Nimbus="0" GP="25900" FightPower="684" AchievementPoint="0" Rank="" AddDayAchievementPoint="0" AddWeekAchievementPoint="0" GiftGp="0" GiftLevel="1" AddDayGiftGp="0" AddWeekGiftGp="0" ApprenticeshipState="0" AddWeekLeagueScore="0" />
  <Item ID="77" UserName="yamate" NickName="llll" typeVIP="0" VIPLevel="0" Grade="1" Colors=",,,,,,,,,,,,,,," Skin="" Sex="true" Style="1142,,3158,,5160,6103,7008,,,,,,,,," ConsortiaName="" Hide="1111111111" Offer="0" ReputeOffer="0" ConsortiaHonor="0" ConsortiaLevel="0" StoreLevel="0" ShopLevel="0" SmithLevel="0" ConsortiaRepute="0" WinCount="0" TotalCount="0" EscapeCount="0" Repute="70" AddDayGP="0" AddDayOffer="0" AddWeekGP="0" AddWeekOffer="0" ConsortiaRiches="0" Nimbus="0" GP="1" FightPower="684" AchievementPoint="0" Rank="" AddDayAchievementPoint="0" AddWeekAchievementPoint="0" GiftGp="0" GiftLevel="1" AddDayGiftGp="0" AddWeekGiftGp="0" ApprenticeshipState="0" AddWeekLeagueScore="0" />
  <Item ID="78" UserName="conanminhconan" NickName="MonDz" typeVIP="0" VIPLevel="0" Grade="13" Colors=",,,,,,,,,,,,,,," Skin="" Sex="true" Style="1144,2102,3158,,5132,6103,7038,13863,15043,,,,,,," ConsortiaName="" Hide="1111111111" Offer="0" ReputeOffer="0" ConsortiaHonor="0" ConsortiaLevel="0" StoreLevel="0" ShopLevel="0" SmithLevel="0" ConsortiaRepute="0" WinCount="1" TotalCount="5" EscapeCount="0" Repute="28" AddDayGP="0" AddDayOffer="0" AddWeekGP="0" AddWeekOffer="0" ConsortiaRiches="0" Nimbus="0" GP="97272" FightPower="1826" AchievementPoint="0" Rank="" AddDayAchievementPoint="0" AddWeekAchievementPoint="0" GiftGp="0" GiftLevel="1" AddDayGiftGp="0" AddWeekGiftGp="0" ApprenticeshipState="0" AddWeekLeagueScore="0" />
  <Item ID="79" UserName="conghoang8422" NickName="Shiba" typeVIP="0" VIPLevel="0" Grade="11" Colors=",,,,,,,,,,,,,,," Skin="" Sex="true" Style="1142,,3158,,5160,6103,7008,,,,,,,,," ConsortiaName="" Hide="1111111111" Offer="0" ReputeOffer="0" ConsortiaHonor="0" ConsortiaLevel="0" StoreLevel="0" ShopLevel="0" SmithLevel="0" ConsortiaRepute="0" WinCount="0" TotalCount="0" EscapeCount="0" Repute="71" AddDayGP="0" AddDayOffer="0" AddWeekGP="0" AddWeekOffer="0" ConsortiaRiches="0" Nimbus="0" GP="52799" FightPower="684" AchievementPoint="0" Rank="" AddDayAchievementPoint="0" AddWeekAchievementPoint="0" GiftGp="0" GiftLevel="1" AddDayGiftGp="0" AddWeekGiftGp="0" ApprenticeshipState="0" AddWeekLeagueScore="0" />
  <Item ID="80" UserName="anhtai26" NickName="XiaXia" typeVIP="0" VIPLevel="0" Grade="10" Colors=",,,,,,,,,,,,,,," Skin="" Sex="true" Style="1142,,3158,,5160,6103,7008,,,,,,,,," ConsortiaName="" Hide="1111111111" Offer="0" ReputeOffer="0" ConsortiaHonor="0" ConsortiaLevel="0" StoreLevel="0" ShopLevel="0" SmithLevel="0" ConsortiaRepute="0" WinCount="0" TotalCount="0" EscapeCount="0" Repute="46" AddDayGP="0" AddDayOffer="0" AddWeekGP="0" AddWeekOffer="0" ConsortiaRiches="0" Nimbus="0" GP="25900" FightPower="1587" AchievementPoint="0" Rank="" AddDayAchievementPoint="0" AddWeekAchievementPoint="0" GiftGp="0" GiftLevel="1" AddDayGiftGp="0" AddWeekGiftGp="0" ApprenticeshipState="0" AddWeekLeagueScore="0" />
  <Item ID="82" UserName="binkey369" NickName="DTank" typeVIP="0" VIPLevel="0" Grade="13" Colors=",,,,,,,,,,,,,,," Skin="" Sex="true" Style="1122,2129,3150,4105,5130,6103,7009,,15004,,,,,,," ConsortiaName="" Hide="1111111221" Offer="0" ReputeOffer="0" ConsortiaHonor="0" ConsortiaLevel="0" StoreLevel="0" ShopLevel="0" SmithLevel="0" ConsortiaRepute="0" WinCount="2" TotalCount="3" EscapeCount="0" Repute="21" AddDayGP="0" AddDayOffer="0" AddWeekGP="0" AddWeekOffer="0" ConsortiaRiches="0" Nimbus="0" GP="96550" FightPower="2214" AchievementPoint="0" Rank="" AddDayAchievementPoint="0" AddWeekAchievementPoint="0" GiftGp="0" GiftLevel="1" AddDayGiftGp="0" AddWeekGiftGp="0" ApprenticeshipState="0" AddWeekLeagueScore="0" />
  <Item ID="83" UserName="quandzails" NickName="vuihanhlinh" typeVIP="0" VIPLevel="0" Grade="11" Colors=",,,,,,,,,,,,,,," Skin="" Sex="false" Style="1214,,3244,,5276,6204,7008,,,,,,,,," ConsortiaName="" Hide="1111111111" Offer="0" ReputeOffer="0" ConsortiaHonor="0" ConsortiaLevel="0" StoreLevel="0" ShopLevel="0" SmithLevel="0" ConsortiaRepute="0" WinCount="0" TotalCount="0" EscapeCount="0" Repute="77" AddDayGP="0" AddDayOffer="0" AddWeekGP="0" AddWeekOffer="0" ConsortiaRiches="0" Nimbus="0" GP="53900" FightPower="684" AchievementPoint="0" Rank="" AddDayAchievementPoint="0" AddWeekAchievementPoint="0" GiftGp="0" GiftLevel="1" AddDayGiftGp="0" AddWeekGiftGp="0" ApprenticeshipState="0" AddWeekLeagueScore="0" />
  <Item ID="84" UserName="ptdvn1992" NickName="GUNERvn" typeVIP="0" VIPLevel="0" Grade="11" Colors=",,,,,,,,,,,,,,," Skin="" Sex="true" Style="1142,2102,3158,,5160,6103,7008,13863,15043,,,,,,," ConsortiaName="" Hide="1111111111" Offer="0" ReputeOffer="0" ConsortiaHonor="0" ConsortiaLevel="0" StoreLevel="0" ShopLevel="0" SmithLevel="0" ConsortiaRepute="0" WinCount="0" TotalCount="0" EscapeCount="0" Repute="31" AddDayGP="0" AddDayOffer="0" AddWeekGP="0" AddWeekOffer="0" ConsortiaRiches="0" Nimbus="0" GP="55140" FightPower="1734" AchievementPoint="0" Rank="" AddDayAchievementPoint="0" AddWeekAchievementPoint="0" GiftGp="0" GiftLevel="1" AddDayGiftGp="0" AddWeekGiftGp="0" ApprenticeshipState="0" AddWeekLeagueScore="0" />
  <Item ID="85" UserName="ducdt1156" NickName="NgocLinh" typeVIP="2" VIPLevel="3" Grade="33" Colors=",,,,,,,,,,,,,,," Skin="" Sex="false" Style="1214,2212,3244,,5210,6204,7008,,15008,,17004,,,,," ConsortiaName="" Hide="1111111111" Offer="0" ReputeOffer="0" ConsortiaHonor="0" ConsortiaLevel="0" StoreLevel="0" ShopLevel="0" SmithLevel="0" ConsortiaRepute="0" WinCount="0" TotalCount="0" EscapeCount="0" Repute="19" AddDayGP="0" AddDayOffer="0" AddWeekGP="0" AddWeekOffer="0" ConsortiaRiches="0" Nimbus="0" GP="6519564" FightPower="4336" AchievementPoint="90" Rank="" AddDayAchievementPoint="0" AddWeekAchievementPoint="0" GiftGp="0" GiftLevel="1" AddDayGiftGp="0" AddWeekGiftGp="0" ApprenticeshipState="0" AddWeekLeagueScore="0" />
</Result>