<Result value="true" message="Success!">
  <ActivityType value="1">
    <Items SubActivityType="1" Condition="15">
      <Item TemplateId="11162" StrengthLevel="0" AttackCompose="0" DefendCompose="0" LuckCompose="0" AgilityCompose="0" IsBind="true" ValidDate="0" Count="15" />
      <Item TemplateId="11163" StrengthLevel="0" AttackCompose="0" DefendCompose="0" LuckCompose="0" AgilityCompose="0" IsBind="true" ValidDate="0" Count="15" />
      <Item TemplateId="11040" StrengthLevel="0" AttackCompose="0" DefendCompose="0" LuckCompose="0" AgilityCompose="0" IsBind="true" ValidDate="0" Count="1" />
      <Item TemplateId="11023" StrengthLevel="0" AttackCompose="0" DefendCompose="0" LuckCompose="0" AgilityCompose="0" IsBind="true" ValidDate="0" Count="2" />
      <Item TemplateId="11020" StrengthLevel="0" AttackCompose="0" DefendCompose="0" LuckCompose="0" AgilityCompose="0" IsBind="true" ValidDate="0" Count="2" />
    </Items>
    <Items SubActivityType="2" Condition="20">
      <Item TemplateId="11162" StrengthLevel="0" AttackCompose="0" DefendCompose="0" LuckCompose="0" AgilityCompose="0" IsBind="true" ValidDate="0" Count="30" />
      <Item TemplateId="11163" StrengthLevel="0" AttackCompose="0" DefendCompose="0" LuckCompose="0" AgilityCompose="0" IsBind="true" ValidDate="0" Count="30" />
      <Item TemplateId="11040" StrengthLevel="0" AttackCompose="0" DefendCompose="0" LuckCompose="0" AgilityCompose="0" IsBind="true" ValidDate="0" Count="1" />
      <Item TemplateId="11023" StrengthLevel="0" AttackCompose="0" DefendCompose="0" LuckCompose="0" AgilityCompose="0" IsBind="true" ValidDate="0" Count="2" />
      <Item TemplateId="11020" StrengthLevel="0" AttackCompose="0" DefendCompose="0" LuckCompose="0" AgilityCompose="0" IsBind="true" ValidDate="0" Count="2" />
    </Items>
    <Items SubActivityType="3" Condition="25">
      <Item TemplateId="334101" StrengthLevel="0" AttackCompose="0" DefendCompose="0" LuckCompose="0" AgilityCompose="0" IsBind="true" ValidDate="0" Count="5" />
      <Item TemplateId="11163" StrengthLevel="0" AttackCompose="0" DefendCompose="0" LuckCompose="0" AgilityCompose="0" IsBind="true" ValidDate="0" Count="60" />
      <Item TemplateId="11040" StrengthLevel="0" AttackCompose="0" DefendCompose="0" LuckCompose="0" AgilityCompose="0" IsBind="true" ValidDate="0" Count="1" />
      <Item TemplateId="11023" StrengthLevel="0" AttackCompose="0" DefendCompose="0" LuckCompose="0" AgilityCompose="0" IsBind="true" ValidDate="0" Count="2" />
      <Item TemplateId="11020" StrengthLevel="0" AttackCompose="0" DefendCompose="0" LuckCompose="0" AgilityCompose="0" IsBind="true" ValidDate="0" Count="2" />
    </Items>
    <Items SubActivityType="4" Condition="30">
      <Item TemplateId="334103" StrengthLevel="0" AttackCompose="0" DefendCompose="0" LuckCompose="0" AgilityCompose="0" IsBind="true" ValidDate="0" Count="10" />
      <Item TemplateId="11163" StrengthLevel="0" AttackCompose="0" DefendCompose="0" LuckCompose="0" AgilityCompose="0" IsBind="true" ValidDate="0" Count="75" />
      <Item TemplateId="11040" StrengthLevel="0" AttackCompose="0" DefendCompose="0" LuckCompose="0" AgilityCompose="0" IsBind="true" ValidDate="0" Count="1" />
      <Item TemplateId="11023" StrengthLevel="0" AttackCompose="0" DefendCompose="0" LuckCompose="0" AgilityCompose="0" IsBind="true" ValidDate="0" Count="2" />
      <Item TemplateId="11020" StrengthLevel="0" AttackCompose="0" DefendCompose="0" LuckCompose="0" AgilityCompose="0" IsBind="true" ValidDate="0" Count="2" />
    </Items>
    <Items SubActivityType="5" Condition="35">
      <Item TemplateId="8304" StrengthLevel="0" AttackCompose="0" DefendCompose="0" LuckCompose="0" AgilityCompose="0" IsBind="true" ValidDate="7" Count="2" />
      <Item TemplateId="9306" StrengthLevel="0" AttackCompose="0" DefendCompose="0" LuckCompose="0" AgilityCompose="0" IsBind="true" ValidDate="7" Count="2" />
      <Item TemplateId="17003" StrengthLevel="0" AttackCompose="0" DefendCompose="0" LuckCompose="0" AgilityCompose="0" IsBind="true" ValidDate="7" Count="1" />
      <Item TemplateId="14010" StrengthLevel="0" AttackCompose="0" DefendCompose="0" LuckCompose="0" AgilityCompose="0" IsBind="true" ValidDate="7" Count="1" />
      <Item TemplateId="13418" StrengthLevel="0" AttackCompose="0" DefendCompose="0" LuckCompose="0" AgilityCompose="0" IsBind="true" ValidDate="7" Count="1" />
    </Items>
  </ActivityType>
  <ActivityType value="2">
    <Items SubActivityType="1" Condition="5">
      <Item TemplateId="60000001" StrengthLevel="0" AttackCompose="0" DefendCompose="0" LuckCompose="0" AgilityCompose="0" IsBind="true" ValidDate="0" Count="1" />
      <Item TemplateId="11150" StrengthLevel="0" AttackCompose="0" DefendCompose="0" LuckCompose="0" AgilityCompose="0" IsBind="true" ValidDate="0" Count="5" />
      <Item TemplateId="11560" StrengthLevel="0" AttackCompose="0" DefendCompose="0" LuckCompose="0" AgilityCompose="0" IsBind="true" ValidDate="0" Count="5" />
      <Item TemplateId="11561" StrengthLevel="0" AttackCompose="0" DefendCompose="0" LuckCompose="0" AgilityCompose="0" IsBind="true" ValidDate="0" Count="5" />
      <Item TemplateId="11562" StrengthLevel="0" AttackCompose="0" DefendCompose="0" LuckCompose="0" AgilityCompose="0" IsBind="true" ValidDate="0" Count="5" />
    </Items>
    <Items SubActivityType="2" Condition="7">
      <Item TemplateId="60000001" StrengthLevel="0" AttackCompose="0" DefendCompose="0" LuckCompose="0" AgilityCompose="0" IsBind="true" ValidDate="0" Count="2" />
      <Item TemplateId="11150" StrengthLevel="0" AttackCompose="0" DefendCompose="0" LuckCompose="0" AgilityCompose="0" IsBind="true" ValidDate="0" Count="10" />
      <Item TemplateId="11560" StrengthLevel="0" AttackCompose="0" DefendCompose="0" LuckCompose="0" AgilityCompose="0" IsBind="true" ValidDate="0" Count="7" />
      <Item TemplateId="11561" StrengthLevel="0" AttackCompose="0" DefendCompose="0" LuckCompose="0" AgilityCompose="0" IsBind="true" ValidDate="0" Count="7" />
      <Item TemplateId="11562" StrengthLevel="0" AttackCompose="0" DefendCompose="0" LuckCompose="0" AgilityCompose="0" IsBind="true" ValidDate="0" Count="7" />
    </Items>
    <Items SubActivityType="3" Condition="9">
      <Item TemplateId="60000001" StrengthLevel="0" AttackCompose="0" DefendCompose="0" LuckCompose="0" AgilityCompose="0" IsBind="true" ValidDate="0" Count="3" />
      <Item TemplateId="11150" StrengthLevel="0" AttackCompose="0" DefendCompose="0" LuckCompose="0" AgilityCompose="0" IsBind="true" ValidDate="0" Count="15" />
      <Item TemplateId="11560" StrengthLevel="0" AttackCompose="0" DefendCompose="0" LuckCompose="0" AgilityCompose="0" IsBind="true" ValidDate="0" Count="9" />
      <Item TemplateId="11561" StrengthLevel="0" AttackCompose="0" DefendCompose="0" LuckCompose="0" AgilityCompose="0" IsBind="true" ValidDate="0" Count="9" />
      <Item TemplateId="11562" StrengthLevel="0" AttackCompose="0" DefendCompose="0" LuckCompose="0" AgilityCompose="0" IsBind="true" ValidDate="0" Count="9" />
    </Items>
    <Items SubActivityType="4" Condition="10">
      <Item TemplateId="60000001" StrengthLevel="0" AttackCompose="0" DefendCompose="0" LuckCompose="0" AgilityCompose="0" IsBind="true" ValidDate="0" Count="3" />
      <Item TemplateId="11150" StrengthLevel="0" AttackCompose="0" DefendCompose="0" LuckCompose="0" AgilityCompose="0" IsBind="true" ValidDate="0" Count="20" />
      <Item TemplateId="11560" StrengthLevel="0" AttackCompose="0" DefendCompose="0" LuckCompose="0" AgilityCompose="0" IsBind="true" ValidDate="0" Count="9" />
      <Item TemplateId="11561" StrengthLevel="0" AttackCompose="0" DefendCompose="0" LuckCompose="0" AgilityCompose="0" IsBind="true" ValidDate="0" Count="9" />
      <Item TemplateId="11562" StrengthLevel="0" AttackCompose="0" DefendCompose="0" LuckCompose="0" AgilityCompose="0" IsBind="true" ValidDate="0" Count="9" />
    </Items>
    <Items SubActivityType="5" Condition="12">
      <Item TemplateId="50101" StrengthLevel="0" AttackCompose="0" DefendCompose="0" LuckCompose="0" AgilityCompose="0" IsBind="true" ValidDate="0" Count="1" />
      <Item TemplateId="11150" StrengthLevel="0" AttackCompose="0" DefendCompose="0" LuckCompose="0" AgilityCompose="0" IsBind="true" ValidDate="0" Count="25" />
      <Item TemplateId="11560" StrengthLevel="0" AttackCompose="0" DefendCompose="0" LuckCompose="0" AgilityCompose="0" IsBind="true" ValidDate="0" Count="11" />
      <Item TemplateId="11561" StrengthLevel="0" AttackCompose="0" DefendCompose="0" LuckCompose="0" AgilityCompose="0" IsBind="true" ValidDate="0" Count="11" />
      <Item TemplateId="11562" StrengthLevel="0" AttackCompose="0" DefendCompose="0" LuckCompose="0" AgilityCompose="0" IsBind="true" ValidDate="0" Count="11" />
    </Items>
  </ActivityType>
  <ActivityType value="3">
    <Items SubActivityType="1" Condition="10000" />
    <Items SubActivityType="2" Condition="50000" />
    <Items SubActivityType="3" Condition="100000" />
    <Items SubActivityType="4" Condition="200000" />
    <Items SubActivityType="5" Condition="300000" />
    <Items SubActivityType="6" Condition="500000" />
  </ActivityType>
  <ActivityType value="4">
    <Items SubActivityType="1" Condition="10000" />
    <Items SubActivityType="2" Condition="30000" />
    <Items SubActivityType="3" Condition="50000" />
    <Items SubActivityType="4" Condition="100000" />
    <Items SubActivityType="5" Condition="200000" />
    <Items SubActivityType="6" Condition="300000" />
  </ActivityType>
  <ActivityType value="5">
    <Items SubActivityType="1" Condition="1" />
    <Items SubActivityType="2" Condition="2" />
    <Items SubActivityType="3" Condition="3" />
    <Items SubActivityType="4" Condition="4" />
    <Items SubActivityType="5" Condition="5" />
    <Items SubActivityType="6" Condition="6" />
    <Items SubActivityType="7" Condition="7" />
    <Items SubActivityType="8" Condition="8" />
    <Items SubActivityType="9" Condition="9" />
    <Items SubActivityType="10" Condition="9" />
  </ActivityType>
  <ActivityType value="6">
    <Items SubActivityType="1" Condition="50000" />
    <Items SubActivityType="2" Condition="100000" />
    <Items SubActivityType="3" Condition="150000" />
    <Items SubActivityType="4" Condition="200000" />
  </ActivityType>
  <ActivityType value="7">
    <Items SubActivityType="1" Condition="0" />
  </ActivityType>
</Result>