<Result value="true" message="Success!">
  <item ID="1" OldTemplateId="-1" NewTemplateId="-1" CategoryID="5" Strengthen="-1" Attack="-1" Defence="-1" Agility="-1" Luck="-1" Damage="-1" Guard="-1" Boold="2000" BlessID="11561" Pic="" />
  <item ID="2" OldTemplateId="-1" NewTemplateId="-1" CategoryID="1" Strengthen="-1" Attack="-1" Defence="-1" Agility="-1" Luck="-1" Damage="-1" Guard="-1" Boold="2000" BlessID="11562" Pic="" />
  <item ID="3" OldTemplateId="70062" NewTemplateId="70063" CategoryID="7" Strengthen="-1" Attack="-1" Defence="-1" Agility="-1" Luck="-1" Damage="-1" Guard="-1" Boold="0" BlessID="11560" Pic="bombpack4" />
  <item ID="4" OldTemplateId="70072" NewTemplateId="70073" CategoryID="7" Strengthen="-1" Attack="-1" Defence="-1" Agility="-1" Luck="-1" Damage="-1" Guard="-1" Boold="0" BlessID="11560" Pic="bomb4" />
  <item ID="5" OldTemplateId="70082" NewTemplateId="70083" CategoryID="7" Strengthen="-1" Attack="-1" Defence="-1" Agility="-1" Luck="-1" Damage="-1" Guard="-1" Boold="0" BlessID="11560" Pic="dart4" />
  <item ID="6" OldTemplateId="70092" NewTemplateId="70093" CategoryID="7" Strengthen="-1" Attack="-1" Defence="-1" Agility="-1" Luck="-1" Damage="-1" Guard="-1" Boold="0" BlessID="11560" Pic="electricbar4" />
  <item ID="7" OldTemplateId="70102" NewTemplateId="70103" CategoryID="7" Strengthen="-1" Attack="-1" Defence="-1" Agility="-1" Luck="-1" Damage="-1" Guard="-1" Boold="0" BlessID="11560" Pic="brick4" />
  <item ID="8" OldTemplateId="70112" NewTemplateId="70113" CategoryID="7" Strengthen="-1" Attack="-1" Defence="-1" Agility="-1" Luck="-1" Damage="-1" Guard="-1" Boold="0" BlessID="11560" Pic="fruit4" />
  <item ID="9" OldTemplateId="70122" NewTemplateId="70123" CategoryID="7" Strengthen="-1" Attack="-1" Defence="-1" Agility="-1" Luck="-1" Damage="-1" Guard="-1" Boold="0" BlessID="11560" Pic="OPSbox4" />
  <item ID="10" OldTemplateId="70132" NewTemplateId="70133" CategoryID="7" Strengthen="-1" Attack="-1" Defence="-1" Agility="-1" Luck="-1" Damage="-1" Guard="-1" Boold="0" BlessID="11560" Pic="closestool4" />
  <item ID="11" OldTemplateId="70142" NewTemplateId="70143" CategoryID="7" Strengthen="-1" Attack="-1" Defence="-1" Agility="-1" Luck="-1" Damage="-1" Guard="-1" Boold="0" BlessID="11560" Pic="television4" />
  <item ID="12" OldTemplateId="70152" NewTemplateId="70153" CategoryID="7" Strengthen="-1" Attack="-1" Defence="-1" Agility="-1" Luck="-1" Damage="-1" Guard="-1" Boold="0" BlessID="11560" Pic="Sbombpack4" />
  <item ID="13" OldTemplateId="70162" NewTemplateId="70163" CategoryID="7" Strengthen="-1" Attack="-1" Defence="-1" Agility="-1" Luck="-1" Damage="-1" Guard="-1" Boold="0" BlessID="11560" Pic="Sbomb4" />
  <item ID="14" OldTemplateId="70172" NewTemplateId="70173" CategoryID="7" Strengthen="-1" Attack="-1" Defence="-1" Agility="-1" Luck="-1" Damage="-1" Guard="-1" Boold="0" BlessID="11560" Pic="Sdart4" />
  <item ID="15" OldTemplateId="70182" NewTemplateId="70183" CategoryID="7" Strengthen="-1" Attack="-1" Defence="-1" Agility="-1" Luck="-1" Damage="-1" Guard="-1" Boold="0" BlessID="11560" Pic="Selectricbar4" />
  <item ID="16" OldTemplateId="70192" NewTemplateId="70193" CategoryID="7" Strengthen="-1" Attack="-1" Defence="-1" Agility="-1" Luck="-1" Damage="-1" Guard="-1" Boold="0" BlessID="11560" Pic="Sbrick4" />
  <item ID="17" OldTemplateId="70202" NewTemplateId="70203" CategoryID="7" Strengthen="-1" Attack="-1" Defence="-1" Agility="-1" Luck="-1" Damage="-1" Guard="-1" Boold="0" BlessID="11560" Pic="Sfruit4" />
  <item ID="18" OldTemplateId="70212" NewTemplateId="70213" CategoryID="7" Strengthen="-1" Attack="-1" Defence="-1" Agility="-1" Luck="-1" Damage="-1" Guard="-1" Boold="0" BlessID="11560" Pic="SOPSbox4" />
  <item ID="19" OldTemplateId="70222" NewTemplateId="70223" CategoryID="7" Strengthen="-1" Attack="-1" Defence="-1" Agility="-1" Luck="-1" Damage="-1" Guard="-1" Boold="0" BlessID="11560" Pic="Sclosestool4" />
  <item ID="20" OldTemplateId="70232" NewTemplateId="70233" CategoryID="7" Strengthen="-1" Attack="-1" Defence="-1" Agility="-1" Luck="-1" Damage="-1" Guard="-1" Boold="0" BlessID="11560" Pic="Stelevision4" />
  <item ID="21" OldTemplateId="70242" NewTemplateId="70243" CategoryID="7" Strengthen="-1" Attack="-1" Defence="-1" Agility="-1" Luck="-1" Damage="-1" Guard="-1" Boold="0" BlessID="11560" Pic="boomerang4" />
  <item ID="22" OldTemplateId="70262" NewTemplateId="70263" CategoryID="7" Strengthen="-1" Attack="-1" Defence="-1" Agility="-1" Luck="-1" Damage="-1" Guard="-1" Boold="0" BlessID="11560" Pic="pike4" />
  <item ID="23" OldTemplateId="70272" NewTemplateId="70273" CategoryID="7" Strengthen="-1" Attack="-1" Defence="-1" Agility="-1" Luck="-1" Damage="-1" Guard="-1" Boold="0" BlessID="11560" Pic="ghostaxe4" />
  <item ID="24" OldTemplateId="70282" NewTemplateId="70283" CategoryID="7" Strengthen="-1" Attack="-1" Defence="-1" Agility="-1" Luck="-1" Damage="-1" Guard="-1" Boold="0" BlessID="11560" Pic="daydayup4" />
  <item ID="25" OldTemplateId="70352" NewTemplateId="70353" CategoryID="7" Strengthen="-1" Attack="-1" Defence="-1" Agility="-1" Luck="-1" Damage="-1" Guard="-1" Boold="0" BlessID="11560" Pic="boomerang4" />
  <item ID="26" OldTemplateId="70362" NewTemplateId="70363" CategoryID="7" Strengthen="-1" Attack="-1" Defence="-1" Agility="-1" Luck="-1" Damage="-1" Guard="-1" Boold="0" BlessID="11560" Pic="pike4" />
  <item ID="27" OldTemplateId="70372" NewTemplateId="70373" CategoryID="7" Strengthen="-1" Attack="-1" Defence="-1" Agility="-1" Luck="-1" Damage="-1" Guard="-1" Boold="0" BlessID="11560" Pic="ghostaxe4" />
  <item ID="28" OldTemplateId="70412" NewTemplateId="70413" CategoryID="7" Strengthen="-1" Attack="-1" Defence="-1" Agility="-1" Luck="-1" Damage="-1" Guard="-1" Boold="0" BlessID="11560" Pic="slingshot4" />
  <item ID="29" OldTemplateId="70322" NewTemplateId="70323" CategoryID="7" Strengthen="-1" Attack="-1" Defence="-1" Agility="-1" Luck="-1" Damage="-1" Guard="-1" Boold="0" BlessID="11560" Pic="bazooka4" />
  <item ID="30" OldTemplateId="70462" NewTemplateId="70463" CategoryID="7" Strengthen="-1" Attack="-1" Defence="-1" Agility="-1" Luck="-1" Damage="-1" Guard="-1" Boold="0" BlessID="11560" Pic="Scar4" />
  <item ID="31" OldTemplateId="70472" NewTemplateId="70473" CategoryID="7" Strengthen="-1" Attack="-1" Defence="-1" Agility="-1" Luck="-1" Damage="-1" Guard="-1" Boold="0" BlessID="11560" Pic="Swatergun4" />
  <item ID="32" OldTemplateId="70482" NewTemplateId="70483" CategoryID="7" Strengthen="-1" Attack="-1" Defence="-1" Agility="-1" Luck="-1" Damage="-1" Guard="-1" Boold="0" BlessID="11560" Pic="Soffice4" />
  <item ID="33" OldTemplateId="70542" NewTemplateId="70543" CategoryID="7" Strengthen="-1" Attack="-1" Defence="-1" Agility="-1" Luck="-1" Damage="-1" Guard="-1" Boold="0" BlessID="11560" Pic="Football4" />
  <item ID="34" OldTemplateId="70332" NewTemplateId="70333" CategoryID="7" Strengthen="-1" Attack="-1" Defence="-1" Agility="-1" Luck="-1" Damage="-1" Guard="-1" Boold="0" BlessID="11560" Pic="office4" />
  <item ID="35" OldTemplateId="70342" NewTemplateId="70343" CategoryID="7" Strengthen="-1" Attack="-1" Defence="-1" Agility="-1" Luck="-1" Damage="-1" Guard="-1" Boold="0" BlessID="11560" Pic="Soffice4" />
  <item ID="36" OldTemplateId="70302" NewTemplateId="70303" CategoryID="7" Strengthen="-1" Attack="-1" Defence="-1" Agility="-1" Luck="-1" Damage="-1" Guard="-1" Boold="0" BlessID="11560" Pic="Scar4" />
  <item ID="37" OldTemplateId="71002" NewTemplateId="71003" CategoryID="7" Strengthen="-1" Attack="-1" Defence="-1" Agility="-1" Luck="-1" Damage="-1" Guard="-1" Boold="0" BlessID="11560" Pic="Ssnowman4" />
  <item ID="38" OldTemplateId="71172" NewTemplateId="71173" CategoryID="7" Strengthen="-1" Attack="-1" Defence="-1" Agility="-1" Luck="-1" Damage="-1" Guard="-1" Boold="0" BlessID="11560" Pic="Sthebouquet5" />
  <item ID="39" OldTemplateId="70692" NewTemplateId="70693" CategoryID="7" Strengthen="-1" Attack="-1" Defence="-1" Agility="-1" Luck="-1" Damage="-1" Guard="-1" Boold="0" BlessID="11560" Pic="paintedegg4" />
  <item ID="40" OldTemplateId="70064" NewTemplateId="70063" CategoryID="7" Strengthen="-1" Attack="-1" Defence="-1" Agility="-1" Luck="-1" Damage="-1" Guard="-1" Boold="0" BlessID="11560" Pic="bombpack4" />
  <item ID="41" OldTemplateId="70074" NewTemplateId="70073" CategoryID="7" Strengthen="-1" Attack="-1" Defence="-1" Agility="-1" Luck="-1" Damage="-1" Guard="-1" Boold="0" BlessID="11560" Pic="bomb4" />
  <item ID="42" OldTemplateId="70084" NewTemplateId="70083" CategoryID="7" Strengthen="-1" Attack="-1" Defence="-1" Agility="-1" Luck="-1" Damage="-1" Guard="-1" Boold="0" BlessID="11560" Pic="dart4" />
  <item ID="43" OldTemplateId="70094" NewTemplateId="70093" CategoryID="7" Strengthen="-1" Attack="-1" Defence="-1" Agility="-1" Luck="-1" Damage="-1" Guard="-1" Boold="0" BlessID="11560" Pic="electricbar4" />
  <item ID="44" OldTemplateId="70104" NewTemplateId="70103" CategoryID="7" Strengthen="-1" Attack="-1" Defence="-1" Agility="-1" Luck="-1" Damage="-1" Guard="-1" Boold="0" BlessID="11560" Pic="brick4" />
  <item ID="45" OldTemplateId="70114" NewTemplateId="70113" CategoryID="7" Strengthen="-1" Attack="-1" Defence="-1" Agility="-1" Luck="-1" Damage="-1" Guard="-1" Boold="0" BlessID="11560" Pic="fruit4" />
  <item ID="46" OldTemplateId="70124" NewTemplateId="70123" CategoryID="7" Strengthen="-1" Attack="-1" Defence="-1" Agility="-1" Luck="-1" Damage="-1" Guard="-1" Boold="0" BlessID="11560" Pic="OPSbox4" />
  <item ID="47" OldTemplateId="70134" NewTemplateId="70133" CategoryID="7" Strengthen="-1" Attack="-1" Defence="-1" Agility="-1" Luck="-1" Damage="-1" Guard="-1" Boold="0" BlessID="11560" Pic="closestool4" />
  <item ID="48" OldTemplateId="70144" NewTemplateId="70143" CategoryID="7" Strengthen="-1" Attack="-1" Defence="-1" Agility="-1" Luck="-1" Damage="-1" Guard="-1" Boold="0" BlessID="11560" Pic="television4" />
  <item ID="49" OldTemplateId="70154" NewTemplateId="70153" CategoryID="7" Strengthen="-1" Attack="-1" Defence="-1" Agility="-1" Luck="-1" Damage="-1" Guard="-1" Boold="0" BlessID="11560" Pic="Sbombpack4" />
  <item ID="50" OldTemplateId="70164" NewTemplateId="70163" CategoryID="7" Strengthen="-1" Attack="-1" Defence="-1" Agility="-1" Luck="-1" Damage="-1" Guard="-1" Boold="0" BlessID="11560" Pic="Sbomb4" />
  <item ID="51" OldTemplateId="70174" NewTemplateId="70173" CategoryID="7" Strengthen="-1" Attack="-1" Defence="-1" Agility="-1" Luck="-1" Damage="-1" Guard="-1" Boold="0" BlessID="11560" Pic="Sdart4" />
  <item ID="52" OldTemplateId="70184" NewTemplateId="70183" CategoryID="7" Strengthen="-1" Attack="-1" Defence="-1" Agility="-1" Luck="-1" Damage="-1" Guard="-1" Boold="0" BlessID="11560" Pic="Selectricbar4" />
  <item ID="53" OldTemplateId="70194" NewTemplateId="70193" CategoryID="7" Strengthen="-1" Attack="-1" Defence="-1" Agility="-1" Luck="-1" Damage="-1" Guard="-1" Boold="0" BlessID="11560" Pic="Sbrick4" />
  <item ID="54" OldTemplateId="70204" NewTemplateId="70203" CategoryID="7" Strengthen="-1" Attack="-1" Defence="-1" Agility="-1" Luck="-1" Damage="-1" Guard="-1" Boold="0" BlessID="11560" Pic="Sfruit4" />
  <item ID="55" OldTemplateId="70214" NewTemplateId="70213" CategoryID="7" Strengthen="-1" Attack="-1" Defence="-1" Agility="-1" Luck="-1" Damage="-1" Guard="-1" Boold="0" BlessID="11560" Pic="SOPSbox4" />
  <item ID="56" OldTemplateId="70224" NewTemplateId="70223" CategoryID="7" Strengthen="-1" Attack="-1" Defence="-1" Agility="-1" Luck="-1" Damage="-1" Guard="-1" Boold="0" BlessID="11560" Pic="Sclosestool4" />
  <item ID="57" OldTemplateId="70234" NewTemplateId="70233" CategoryID="7" Strengthen="-1" Attack="-1" Defence="-1" Agility="-1" Luck="-1" Damage="-1" Guard="-1" Boold="0" BlessID="11560" Pic="Stelevision4" />
  <item ID="58" OldTemplateId="70248" NewTemplateId="70243" CategoryID="7" Strengthen="-1" Attack="-1" Defence="-1" Agility="-1" Luck="-1" Damage="-1" Guard="-1" Boold="0" BlessID="11560" Pic="boomerang4" />
  <item ID="59" OldTemplateId="70268" NewTemplateId="70263" CategoryID="7" Strengthen="-1" Attack="-1" Defence="-1" Agility="-1" Luck="-1" Damage="-1" Guard="-1" Boold="0" BlessID="11560" Pic="pike4" />
  <item ID="60" OldTemplateId="70278" NewTemplateId="70273" CategoryID="7" Strengthen="-1" Attack="-1" Defence="-1" Agility="-1" Luck="-1" Damage="-1" Guard="-1" Boold="0" BlessID="11560" Pic="ghostaxe4" />
  <item ID="61" OldTemplateId="70284" NewTemplateId="70283" CategoryID="7" Strengthen="-1" Attack="-1" Defence="-1" Agility="-1" Luck="-1" Damage="-1" Guard="-1" Boold="0" BlessID="11560" Pic="daydayup4" />
  <item ID="62" OldTemplateId="70354" NewTemplateId="70353" CategoryID="7" Strengthen="-1" Attack="-1" Defence="-1" Agility="-1" Luck="-1" Damage="-1" Guard="-1" Boold="0" BlessID="11560" Pic="boomerang4" />
  <item ID="63" OldTemplateId="70364" NewTemplateId="70363" CategoryID="7" Strengthen="-1" Attack="-1" Defence="-1" Agility="-1" Luck="-1" Damage="-1" Guard="-1" Boold="0" BlessID="11560" Pic="pike4" />
  <item ID="64" OldTemplateId="70374" NewTemplateId="70373" CategoryID="7" Strengthen="-1" Attack="-1" Defence="-1" Agility="-1" Luck="-1" Damage="-1" Guard="-1" Boold="0" BlessID="11560" Pic="ghostaxe4" />
  <item ID="65" OldTemplateId="70414" NewTemplateId="70413" CategoryID="7" Strengthen="-1" Attack="-1" Defence="-1" Agility="-1" Luck="-1" Damage="-1" Guard="-1" Boold="0" BlessID="11560" Pic="slingshot4" />
  <item ID="66" OldTemplateId="70324" NewTemplateId="70323" CategoryID="7" Strengthen="-1" Attack="-1" Defence="-1" Agility="-1" Luck="-1" Damage="-1" Guard="-1" Boold="0" BlessID="11560" Pic="bazooka5" />
  <item ID="67" OldTemplateId="70464" NewTemplateId="70463" CategoryID="7" Strengthen="-1" Attack="-1" Defence="-1" Agility="-1" Luck="-1" Damage="-1" Guard="-1" Boold="0" BlessID="11560" Pic="Scar4" />
  <item ID="68" OldTemplateId="70474" NewTemplateId="70473" CategoryID="7" Strengthen="-1" Attack="-1" Defence="-1" Agility="-1" Luck="-1" Damage="-1" Guard="-1" Boold="0" BlessID="11560" Pic="Swatergun4" />
  <item ID="69" OldTemplateId="70484" NewTemplateId="70483" CategoryID="7" Strengthen="-1" Attack="-1" Defence="-1" Agility="-1" Luck="-1" Damage="-1" Guard="-1" Boold="0" BlessID="11560" Pic="Soffice4" />
  <item ID="70" OldTemplateId="70544" NewTemplateId="70543" CategoryID="7" Strengthen="-1" Attack="-1" Defence="-1" Agility="-1" Luck="-1" Damage="-1" Guard="-1" Boold="0" BlessID="11560" Pic="Football4" />
  <item ID="71" OldTemplateId="70334" NewTemplateId="70333" CategoryID="7" Strengthen="-1" Attack="-1" Defence="-1" Agility="-1" Luck="-1" Damage="-1" Guard="-1" Boold="0" BlessID="11560" Pic="office4" />
  <item ID="72" OldTemplateId="70344" NewTemplateId="70343" CategoryID="7" Strengthen="-1" Attack="-1" Defence="-1" Agility="-1" Luck="-1" Damage="-1" Guard="-1" Boold="0" BlessID="11560" Pic="Soffice4" />
  <item ID="73" OldTemplateId="70304" NewTemplateId="70303" CategoryID="7" Strengthen="-1" Attack="-1" Defence="-1" Agility="-1" Luck="-1" Damage="-1" Guard="-1" Boold="0" BlessID="11560" Pic="Scar4" />
  <item ID="74" OldTemplateId="71004" NewTemplateId="71003" CategoryID="7" Strengthen="-1" Attack="-1" Defence="-1" Agility="-1" Luck="-1" Damage="-1" Guard="-1" Boold="0" BlessID="11560" Pic="Ssnowman4" />
  <item ID="75" OldTemplateId="71174" NewTemplateId="71173" CategoryID="7" Strengthen="-1" Attack="-1" Defence="-1" Agility="-1" Luck="-1" Damage="-1" Guard="-1" Boold="0" BlessID="11560" Pic="Sthebouquet5" />
  <item ID="76" OldTemplateId="70694" NewTemplateId="70693" CategoryID="7" Strengthen="-1" Attack="-1" Defence="-1" Agility="-1" Luck="-1" Damage="-1" Guard="-1" Boold="0" BlessID="11560" Pic="paintedegg4" />
  <item ID="77" OldTemplateId="71164" NewTemplateId="71163" CategoryID="7" Strengthen="-1" Attack="-1" Defence="-1" Agility="-1" Luck="-1" Damage="-1" Guard="-1" Boold="0" BlessID="11560" Pic="lasercannon5" />
  <item ID="78" OldTemplateId="71162" NewTemplateId="71163" CategoryID="7" Strengthen="-1" Attack="-1" Defence="-1" Agility="-1" Luck="-1" Damage="-1" Guard="-1" Boold="0" BlessID="11560" Pic="lasercannon5" />
</Result>