<Result value="true" message="Success!">
  <item Level="0" Exp="0" />
  <item Level="1" Exp="10" />
  <item Level="2" Exp="50" />
  <item Level="3" Exp="150" />
  <item Level="4" Exp="350" />
  <item Level="5" Exp="700" />
  <item Level="6" Exp="1500" />
  <item Level="7" Exp="2300" />
  <item Level="8" Exp="3300" />
  <item Level="9" Exp="4500" />
  <item Level="10" Exp="6000" />
  <item Level="11" Exp="7500" />
  <item Level="12" Exp="9000" />
  <item Level="13" Exp="15000" />
  <item Level="14" Exp="25000" />
  <item Level="15" Exp="50000" />
</Result>