<Result value="true" message="Success!">
  <Item ID="1" Count="1" RewardItemID="201505" IsSelect="false" IsBind="true" RewardItemValid="0" RewardItemCount="1" StrengthenLevel="0" AttackCompose="0" DefendCompose="0" AgilityCompose="0" LuckCompose="0" />
  <Item ID="2" Count="1" RewardItemID="11024" IsSelect="false" IsBind="true" RewardItemValid="0" RewardItemCount="1" StrengthenLevel="0" AttackCompose="0" DefendCompose="0" AgilityCompose="0" LuckCompose="0" />
  <Item ID="3" Count="1" RewardItemID="11018" IsSelect="false" IsBind="true" RewardItemValid="0" RewardItemCount="1" StrengthenLevel="0" AttackCompose="0" DefendCompose="0" AgilityCompose="0" LuckCompose="0" />
  <Item ID="4" Count="1" RewardItemID="11004" IsSelect="false" IsBind="true" RewardItemValid="0" RewardItemCount="3" StrengthenLevel="0" AttackCompose="0" DefendCompose="0" AgilityCompose="0" LuckCompose="0" />
  <Item ID="5" Count="1" RewardItemID="11008" IsSelect="false" IsBind="true" RewardItemValid="0" RewardItemCount="3" StrengthenLevel="0" AttackCompose="0" DefendCompose="0" AgilityCompose="0" LuckCompose="0" />
  <Item ID="6" Count="2" RewardItemID="201506" IsSelect="false" IsBind="true" RewardItemValid="0" RewardItemCount="1" StrengthenLevel="0" AttackCompose="0" DefendCompose="0" AgilityCompose="0" LuckCompose="0" />
  <Item ID="7" Count="2" RewardItemID="11024" IsSelect="false" IsBind="true" RewardItemValid="0" RewardItemCount="3" StrengthenLevel="0" AttackCompose="0" DefendCompose="0" AgilityCompose="0" LuckCompose="0" />
  <Item ID="8" Count="2" RewardItemID="11018" IsSelect="false" IsBind="true" RewardItemValid="0" RewardItemCount="3" StrengthenLevel="0" AttackCompose="0" DefendCompose="0" AgilityCompose="0" LuckCompose="0" />
  <Item ID="9" Count="2" RewardItemID="11012" IsSelect="false" IsBind="true" RewardItemValid="0" RewardItemCount="3" StrengthenLevel="0" AttackCompose="0" DefendCompose="0" AgilityCompose="0" LuckCompose="0" />
  <Item ID="10" Count="2" RewardItemID="11016" IsSelect="false" IsBind="true" RewardItemValid="0" RewardItemCount="3" StrengthenLevel="0" AttackCompose="0" DefendCompose="0" AgilityCompose="0" LuckCompose="0" />
  <Item ID="11" Count="3" RewardItemID="201507" IsSelect="false" IsBind="true" RewardItemValid="0" RewardItemCount="1" StrengthenLevel="0" AttackCompose="0" DefendCompose="0" AgilityCompose="0" LuckCompose="0" />
  <Item ID="12" Count="3" RewardItemID="17102" IsSelect="false" IsBind="true" RewardItemValid="7" RewardItemCount="1" StrengthenLevel="0" AttackCompose="0" DefendCompose="0" AgilityCompose="0" LuckCompose="0" />
  <Item ID="13" Count="3" RewardItemID="112019" IsSelect="false" IsBind="true" RewardItemValid="0" RewardItemCount="3" StrengthenLevel="0" AttackCompose="0" DefendCompose="0" AgilityCompose="0" LuckCompose="0" />
  <Item ID="14" Count="3" RewardItemID="11444" IsSelect="false" IsBind="true" RewardItemValid="0" RewardItemCount="6" StrengthenLevel="0" AttackCompose="0" DefendCompose="0" AgilityCompose="0" LuckCompose="0" />
  <Item ID="15" Count="3" RewardItemID="40003" IsSelect="false" IsBind="true" RewardItemValid="0" RewardItemCount="3" StrengthenLevel="0" AttackCompose="0" DefendCompose="0" AgilityCompose="0" LuckCompose="0" />
  <Item ID="16" Count="4" RewardItemID="11030" IsSelect="false" IsBind="true" RewardItemValid="0" RewardItemCount="5" StrengthenLevel="0" AttackCompose="0" DefendCompose="0" AgilityCompose="0" LuckCompose="0" />
  <Item ID="17" Count="4" RewardItemID="11031" IsSelect="false" IsBind="true" RewardItemValid="0" RewardItemCount="5" StrengthenLevel="0" AttackCompose="0" DefendCompose="0" AgilityCompose="0" LuckCompose="0" />
  <Item ID="18" Count="4" RewardItemID="11032" IsSelect="false" IsBind="true" RewardItemValid="0" RewardItemCount="5" StrengthenLevel="0" AttackCompose="0" DefendCompose="0" AgilityCompose="0" LuckCompose="0" />
  <Item ID="19" Count="4" RewardItemID="11033" IsSelect="false" IsBind="true" RewardItemValid="0" RewardItemCount="5" StrengthenLevel="0" AttackCompose="0" DefendCompose="0" AgilityCompose="0" LuckCompose="0" />
  <Item ID="20" Count="4" RewardItemID="11905" IsSelect="false" IsBind="true" RewardItemValid="0" RewardItemCount="5" StrengthenLevel="0" AttackCompose="0" DefendCompose="0" AgilityCompose="0" LuckCompose="0" />
  <Item ID="21" Count="5" RewardItemID="11035" IsSelect="false" IsBind="true" RewardItemValid="0" RewardItemCount="10" StrengthenLevel="0" AttackCompose="0" DefendCompose="0" AgilityCompose="0" LuckCompose="0" />
  <Item ID="22" Count="5" RewardItemID="11570" IsSelect="false" IsBind="true" RewardItemValid="0" RewardItemCount="10" StrengthenLevel="0" AttackCompose="0" DefendCompose="0" AgilityCompose="0" LuckCompose="0" />
  <Item ID="23" Count="5" RewardItemID="201567" IsSelect="false" IsBind="true" RewardItemValid="0" RewardItemCount="10" StrengthenLevel="0" AttackCompose="0" DefendCompose="0" AgilityCompose="0" LuckCompose="0" />
  <Item ID="24" Count="5" RewardItemID="11163" IsSelect="false" IsBind="true" RewardItemValid="0" RewardItemCount="10" StrengthenLevel="0" AttackCompose="0" DefendCompose="0" AgilityCompose="0" LuckCompose="0" />
  <Item ID="25" Count="5" RewardItemID="11162" IsSelect="false" IsBind="true" RewardItemValid="0" RewardItemCount="5" StrengthenLevel="0" AttackCompose="0" DefendCompose="0" AgilityCompose="0" LuckCompose="0" />
  <Item ID="26" Count="6" RewardItemID="35140301" IsSelect="false" IsBind="true" RewardItemValid="0" RewardItemCount="1" StrengthenLevel="0" AttackCompose="0" DefendCompose="0" AgilityCompose="0" LuckCompose="0" />
  <Item ID="27" Count="6" RewardItemID="334106" IsSelect="false" IsBind="true" RewardItemValid="0" RewardItemCount="10" StrengthenLevel="0" AttackCompose="0" DefendCompose="0" AgilityCompose="0" LuckCompose="0" />
  <Item ID="28" Count="6" RewardItemID="200221" IsSelect="false" IsBind="true" RewardItemValid="0" RewardItemCount="10" StrengthenLevel="0" AttackCompose="0" DefendCompose="0" AgilityCompose="0" LuckCompose="0" />
  <Item ID="29" Count="6" RewardItemID="200256" IsSelect="false" IsBind="true" RewardItemValid="0" RewardItemCount="10" StrengthenLevel="0" AttackCompose="0" DefendCompose="0" AgilityCompose="0" LuckCompose="0" />
  <Item ID="30" Count="6" RewardItemID="200257" IsSelect="false" IsBind="true" RewardItemValid="0" RewardItemCount="10" StrengthenLevel="0" AttackCompose="0" DefendCompose="0" AgilityCompose="0" LuckCompose="0" />
  <Item ID="31" Count="7" RewardItemID="70266" IsSelect="true" IsBind="true" RewardItemValid="3" RewardItemCount="1" StrengthenLevel="12" AttackCompose="50" DefendCompose="50" AgilityCompose="50" LuckCompose="50" />
  <Item ID="32" Count="7" RewardItemID="70276" IsSelect="true" IsBind="true" RewardItemValid="3" RewardItemCount="1" StrengthenLevel="12" AttackCompose="50" DefendCompose="50" AgilityCompose="50" LuckCompose="50" />
  <Item ID="33" Count="7" RewardItemID="70416" IsSelect="true" IsBind="true" RewardItemValid="3" RewardItemCount="1" StrengthenLevel="12" AttackCompose="50" DefendCompose="50" AgilityCompose="50" LuckCompose="50" />
  <Item ID="34" Count="7" RewardItemID="70246" IsSelect="true" IsBind="true" RewardItemValid="3" RewardItemCount="1" StrengthenLevel="12" AttackCompose="50" DefendCompose="50" AgilityCompose="50" LuckCompose="50" />
  <Item ID="35" Count="7" RewardItemID="70566" IsSelect="true" IsBind="true" RewardItemValid="3" RewardItemCount="1" StrengthenLevel="12" AttackCompose="50" DefendCompose="50" AgilityCompose="50" LuckCompose="50" />
</Result>