<Result value="true" message="Success!">
  <item AddSkillCount="1" />
  <item AddSkillLevel="20,30,50" />
  <item AdoptBox="112200" />
  <item AdoptCount="8" />
  <item AdoptLevel="1" />
  <item AdoptRefereshCost="249" />
  <item ChangeNameCost="500" />
  <item EvolutionLevel1="30" />
  <item EvolutionLevel2="50" />
  <item ExFightPropertyAreaMsgLevel="40, 45, 50" />
  <item ExFightPropertyMsgLevel="30,35" />
  <item FarmStolenRate="0.2" />
  <item FeedAddLove="2" />
  <item FeedDailyMaxCount="200" />
  <item FeedExp="1" />
  <item FirstAdoptList="35130304,35100304,35110304,35120304" />
  <item FreeRefereshID="11570" />
  <item GPRate="1" />
  <item HighRemoveItemID="11679" />
  <item HighRemoveStar="4" />
  <item HighRemoveStarCost="2000" />
  <item HungerLevel="5000,6000,8000" />
  <item LimitGrade="25" />
  <item LimitStolenCount="20" />
  <item MaxEquipSkillCount="5" />
  <item MaxHunger="10000" />
  <item MaxLevel="50" />
  <item MaxPaySkillCount="1" />
  <item MaxPetCount="20" />
  <item MaxSkillCount="100" />
  <item MinActiveSkillCount="5" />
  <item MinEquipSkillCount="1" />
  <item MinGP="0" />
  <item MinHunger="5000" />
  <item MinStaticSkillCount="2" />
  <item NewPet="210101" />
  <item NewPetDescribe="Thú cưng hệ công kích chuyên cấu rỉa máu từ xa!" />
  <item NotRemoveStar="5" />
  <item NotRemoveStarLevel="25" />
  <item PayAutoMoney="168,499|720,1996" />
  <item PayFieldMoney="168,299|720,1196|70" />
  <item PaySkillCost="5000" />
  <item PaySkillPlace="5" />
  <item PetAdoptQuestID="367" />
  <item PetEquipCount="1" />
  <item PetExpItemID="334102" />
  <item PetRecycleID="334100" />
  <item PetSendAreaStar="5" />
  <item PetSendNoticeStar="4" />
  <item PropertiesRate="100" />
  <item RecycleCost="1000" />
  <item ReduceHunger="40" />
  <item ReduceHungerMaxLevel="40" />
  <item TrunAddMP="10" />
  <item UpStarMg="4" />
  <item 名称="参数" />
</Result>