<Result value="true" message="Success!">
  <item GP="0" Level="1" />
  <item GP="55" Level="2" />
  <item GP="243" Level="3" />
  <item GP="757" Level="4" />
  <item GP="1924" Level="5" />
  <item GP="4201" Level="6" />
  <item GP="8193" Level="7" />
  <item GP="14656" Level="8" />
  <item GP="24511" Level="9" />
  <item GP="38848" Level="10" />
  <item GP="58936" Level="11" />
  <item GP="86233" Level="12" />
  <item GP="122391" Level="13" />
  <item GP="169270" Level="14" />
  <item GP="228945" Level="15" />
  <item GP="303708" Level="16" />
  <item GP="396087" Level="17" />
  <item GP="508848" Level="18" />
  <item GP="645004" Level="19" />
  <item GP="782522" Level="20" />
  <item GP="933792" Level="21" />
  <item GP="1100189" Level="22" />
  <item GP="1283225" Level="23" />
  <item GP="1484566" Level="24" />
  <item GP="1706040" Level="25" />
  <item GP="1949661" Level="26" />
  <item GP="2217645" Level="27" />
  <item GP="2512427" Level="28" />
  <item GP="2836688" Level="29" />
  <item GP="3177161" Level="30" />
  <item GP="3534658" Level="31" />
  <item GP="3910030" Level="32" />
  <item GP="4304171" Level="33" />
  <item GP="4718018" Level="34" />
  <item GP="5152558" Level="35" />
  <item GP="5608825" Level="36" />
  <item GP="6087906" Level="37" />
  <item GP="6590940" Level="38" />
  <item GP="7119126" Level="39" />
  <item GP="7652594" Level="40" />
  <item GP="8191396" Level="41" />
  <item GP="8735587" Level="42" />
  <item GP="9285219" Level="43" />
  <item GP="9840348" Level="44" />
  <item GP="10401028" Level="45" />
  <item GP="10967315" Level="46" />
  <item GP="11539265" Level="47" />
  <item GP="12116934" Level="48" />
  <item GP="12700380" Level="49" />
  <item GP="13289661" Level="50" />
</Result>