<Result value="true" message="Success!">
  <item ID="1001" Name="Tăng thêm 1 đạn" EffectPic="" Description="" Pic="-1" />
  <item ID="1002" Name="Nhận được kỹ năng 4" EffectPic="" Description="" Pic="-1" />
  <item ID="1003" Name="Nhận được kỹ năng 5" EffectPic="" Description="" Pic="-1" />
  <item ID="1004" Name="Nhận được kỹ năng 6" EffectPic="" Description="" Pic="-1" />
  <item ID="1005" Name="Nhận được kỹ năng 10" EffectPic="" Description="" Pic="-1" />
  <item ID="1006" Name="Nhận được kỹ năng 11" EffectPic="" Description="" Pic="-1" />
  <item ID="1007" Name="Nhận được kỹ năng 12" EffectPic="" Description="" Pic="-1" />
  <item ID="1008" Name="Nhận được kỹ năng 16" EffectPic="" Description="" Pic="-1" />
  <item ID="1009" Name="Nhận được kỹ năng 17" EffectPic="" Description="" Pic="-1" />
  <item ID="1010" Name="Nhận được kỹ năng 18" EffectPic="" Description="" Pic="-1" />
  <item ID="1011" Name="Nhận được kỹ năng 22" EffectPic="" Description="" Pic="-1" />
  <item ID="1012" Name="Nhận được kỹ năng 23" EffectPic="" Description="" Pic="-1" />
  <item ID="1013" Name="Nhận được kỹ năng 24" EffectPic="" Description="" Pic="-1" />
  <item ID="1014" Name="Gây 50 điểm sát thương" EffectPic="" Description="" Pic="-1" />
  <item ID="1015" Name="Gây 100 điểm sát thương" EffectPic="" Description="" Pic="-1" />
  <item ID="1016" Name="Gây 150 điểm sát thương" EffectPic="" Description="" Pic="-1" />
  <item ID="1017" Name="Di chuyển không thể" EffectPic="" Description="Không thể di chuyển" Pic="-1" />
  <item ID="1018" Name="Bất Động Lv1" EffectPic="effect003" Description="Nhận được miễn kháng, tăng hiệu quả phòng ngự, nhưng không thể di chuyển." Pic="3" />
  <item ID="1019" Name="Bất Động Lv2" EffectPic="effect003" Description="Nhận được miễn kháng, tăng hiệu quả phòng ngự, nhưng không thể di chuyển." Pic="3" />
  <item ID="1020" Name="Bất Động Lv3" EffectPic="effect003" Description="Nhận được miễn kháng, tăng hiệu quả phòng ngự, nhưng không thể di chuyển." Pic="3" />
  <item ID="1021" Name="miễn kháng" EffectPic="" Description="Duy trì 2 TURN" Pic="-1" />
  <item ID="1022" Name="Khiên Gà Lv1" EffectPic="effect017" Description="Tăng hộ giáp." Pic="2" />
  <item ID="1023" Name="Khiên Gà Lv2" EffectPic="effect017" Description="Tăng hộ giáp." Pic="2" />
  <item ID="1024" Name="Kiếm Gà Lv1" EffectPic="effect016" Description="Tăng sát thương." Pic="1" />
  <item ID="1025" Name="Kiếm Gà Lv2" EffectPic="effect016" Description="Tăng sát thương." Pic="1" />
  <item ID="1026" Name="Hoa Nở Lv1" EffectPic="effect002" Description="Hồi phục HP." Pic="5" />
  <item ID="1027" Name="Hoa Nở Lv2" EffectPic="effect002" Description="Hồi phục HP." Pic="5" />
  <item ID="1028" Name="Hoa Nở Lv3" EffectPic="effect002" Description="Hồi phục HP." Pic="5" />
  <item ID="1029" Name="Càng Đánh Càng Mạnh Lv1" EffectPic="effect007" Description="Giảm sát thương chịu được." Pic="7" />
  <item ID="1030" Name="Càng Đánh Càng Mạnh Lv2" EffectPic="effect007" Description="Giảm sát thương chịu được." Pic="7" />
  <item ID="1031" Name="Càng Đánh Càng Mạnh Lv3" EffectPic="effect007" Description="Giảm sát thương chịu được." Pic="7" />
  <item ID="1032" Name="Nhận được kỹ năng 53" EffectPic="" Description="" Pic="-1" />
  <item ID="1033" Name="Nhận được kỹ năng 54" EffectPic="" Description="" Pic="-1" />
  <item ID="1034" Name="Nhận được kỹ năng 55" EffectPic="" Description="" Pic="-1" />
  <item ID="1035" Name="Sát thương tăng 10%" EffectPic="" Description="" Pic="-1" />
  <item ID="1036" Name="Sát thương tăng 20%" EffectPic="" Description="" Pic="-1" />
  <item ID="1037" Name="Sát thương tăng 30%" EffectPic="" Description="" Pic="-1" />
  <item ID="1038" Name="Dẫn đường" EffectPic="" Description="" Pic="-1" />
  <item ID="1039" Name="Sát thương tăng 150%" EffectPic="" Description="" Pic="-1" />
  <item ID="1040" Name="Gà Chúc Phúc Lv1" EffectPic="effect014" Description="Tăng may mắn." Pic="4" />
  <item ID="1041" Name="Gà Chúc Phúc Lv2" EffectPic="effect014" Description="Tăng may mắn." Pic="4" />
  <item ID="1042" Name="Gà Chúc Phúc Lv3" EffectPic="effect014" Description="Tăng may mắn." Pic="4" />
  <item ID="1043" Name="Hồi phục chậm Lv1" EffectPic="effect033" Description="Hồi phục HP." Pic="5" />
  <item ID="1044" Name="Hồi phục chậm Lv2" EffectPic="effect033" Description="Hồi phục HP." Pic="5" />
  <item ID="1045" Name="Hồi phục chậm Lv3" EffectPic="effect033" Description="Hồi phục HP." Pic="5" />
  <item ID="1046" Name="Hòn Kiến Lửa Lv1" EffectPic="effect012" Description="Tăng phòng ngự." Pic="3" />
  <item ID="1047" Name="Hòn Kiến Lửa Lv2" EffectPic="effect012" Description="Tăng phòng ngự." Pic="3" />
  <item ID="1048" Name="Hòn Kiến Lửa Lv3" EffectPic="effect012" Description="Tăng phòng ngự." Pic="3" />
  <item ID="1049" Name="Bắn Chỉ Định Lv1" EffectPic="effect019" Description="Tăng hộ giáp, hiệu quả sẽ biến mất khi di chuyển." Pic="2" />
  <item ID="1050" Name="Bắn Chỉ Định Lv2" EffectPic="effect019" Description="Tăng hộ giáp, hiệu quả sẽ biến mất khi di chuyển." Pic="2" />
  <item ID="1051" Name="Hộ giáp tăng 50 điểm" EffectPic="effect017" Description="" Pic="-1" />
  <item ID="1052" Name="Hộ giáp tăng 70 điểm" EffectPic="effect017" Description="" Pic="-1" />
  <item ID="1053" Name="Hiệu quả giải trừ" EffectPic="" Description="" Pic="-1" />
  <item ID="1054" Name="Hiệu quả giải trừ" EffectPic="" Description="" Pic="-1" />
  <item ID="1055" Name="Nhận được kỹ năng 58" EffectPic="" Description="" Pic="-1" />
  <item ID="1056" Name="Mưa Thần Lv1" EffectPic="effect005" Description="" Pic="-1" />
  <item ID="1057" Name="Mưa Thần Lv2" EffectPic="effect005" Description="" Pic="-1" />
  <item ID="1058" Name="Hồi phục 1000 HP" EffectPic="" Description="" Pic="-1" />
  <item ID="1059" Name="Hồi phục 3000 HP" EffectPic="" Description="" Pic="-1" />
  <item ID="1060" Name="Nhận được kỹ năng 47" EffectPic="" Description="" Pic="-1" />
  <item ID="1061" Name="Nhận được kỹ năng 48" EffectPic="" Description="" Pic="-1" />
  <item ID="1062" Name="Nhận được kỹ năng 49" EffectPic="" Description="" Pic="-1" />
  <item ID="1063" Name="Bách Luân Nở Hoa Lv1" EffectPic="effect006" Description="Hồi phục HP." Pic="5" />
  <item ID="1064" Name="Bách Luân Nở Hoa Lv2" EffectPic="effect006" Description="Hồi phục HP." Pic="5" />
  <item ID="1065" Name="Nhận được kỹ năng 63" EffectPic="" Description="" Pic="-1" />
  <item ID="1066" Name="Nhận được kỹ năng 64" EffectPic="" Description="" Pic="-1" />
  <item ID="1067" Name="Gai Kiến Lv1" EffectPic="effect001" Description="Phản sát thương." Pic="9" />
  <item ID="1068" Name="Gai Kiến Lv2" EffectPic="effect001" Description="Phản sát thương." Pic="9" />
  <item ID="1069" Name="Nhận được kỹ năng 70" EffectPic="" Description="" Pic="-1" />
  <item ID="1070" Name="Nhận được kỹ năng 71" EffectPic="" Description="" Pic="-1" />
  <item ID="1071" Name="Hiệu quả giải trừ 1072, 1073" EffectPic="" Description="" Pic="-1" />
  <item ID="1072" Name="Hỏa Lực Cao Lv1" EffectPic="effect016" Description="Tăng sát thương, bị công kích sẽ mất." Pic="1" />
  <item ID="1073" Name="Hỏa Lực Cao Lv2" EffectPic="effect016" Description="" Pic="1" />
  <item ID="1074" Name="Tăng cường 300 hiệu quả thiên sứ ban phúc" EffectPic="" Description="" Pic="-1" />
  <item ID="1075" Name="Tăng cường 600 hiệu quả thiên sứ ban phúc" EffectPic="" Description="" Pic="-1" />
  <item ID="1076" Name="Thú cưng gây 200 sát thương xung quanh" EffectPic="effect036" Description="" Pic="-1" />
  <item ID="1077" Name="Thú cưng gây 400 sát thương xung quanh" EffectPic="effect036" Description="" Pic="-1" />
  <item ID="1078" Name="Lập tức hồi phục 500 điểm HP" EffectPic="" Description="" Pic="-1" />
  <item ID="1079" Name="Lập tức hồi phục 1000 điểm HP" EffectPic="" Description="" Pic="-1" />
  <item ID="1080" Name="Hồi phục 300 điểm HP" EffectPic="" Description="" Pic="-1" />
  <item ID="1081" Name="Hồi phục 600 điểm HP" EffectPic="" Description="" Pic="-1" />
  <item ID="1082" Name="Luôn miễn kháng" EffectPic="" Description="" Pic="-1" />
  <item ID="1083" Name="Pháo Đài V3 Lv1" EffectPic="effect018" Description="Nhận được miễn kháng, tăng công kích, may mắn, giảm hiệu quả phòng ngự, lúc di c" Pic="6" />
  <item ID="1084" Name="Pháo Đài V3 Lv2" EffectPic="effect018" Description="Nhận được miễn kháng, tăng công kích, may mắn, giảm hiệu quả phòng ngự, lúc di c" Pic="6" />
  <item ID="1085" Name="May mắn tăng 500" EffectPic="" Description="" Pic="-1" />
  <item ID="1086" Name="May mắn tăng 800" EffectPic="" Description="" Pic="-1" />
  <item ID="1087" Name="Phòng ngự giảm 1000" EffectPic="" Description="" Pic="-1" />
  <item ID="1088" Name="Phòng ngự giảm 800" EffectPic="" Description="" Pic="-1" />
  <item ID="1089" Name="Nhận được kỹ năng 88" EffectPic="" Description="" Pic="-1" />
  <item ID="1090" Name="Hiệu quả giải trừ 1082,1083,1084,1085" EffectPic="" Description="" Pic="-1" />
  <item ID="1091" Name="Hiệu quả giải trừ 1086,1087,1088" EffectPic="" Description="" Pic="-1" />
  <item ID="1092" Name="Cạn Ly Lv1" EffectPic="effect004" Description="Tăng công kích, phòng ngự, nhanh nhẹn, may mắn, HP tối đa." Pic="10" />
  <item ID="1093" Name="Cạn Ly Lv2" EffectPic="effect004" Description="Tăng công kích, phòng ngự, nhanh nhẹn, may mắn, HP tối đa." Pic="10" />
  <item ID="1094" Name="Phòng ngự tăng 100" EffectPic="" Description="" Pic="-1" />
  <item ID="1095" Name="Phòng ngự tăng 300" EffectPic="" Description="" Pic="-1" />
  <item ID="1096" Name="Nhanh nhẹn tăng100" EffectPic="" Description="" Pic="-1" />
  <item ID="1097" Name="Nhanh nhẹn tăng300" EffectPic="" Description="" Pic="-1" />
  <item ID="1098" Name="May mắn tăng 100" EffectPic="" Description="" Pic="-1" />
  <item ID="1099" Name="May mắn tăng 300" EffectPic="" Description="" Pic="-1" />
  <item ID="1100" Name="HP tối đa tăng 1000" EffectPic="" Description="" Pic="-1" />
  <item ID="1101" Name="HP tối đa tăng 2000" EffectPic="" Description="" Pic="-1" />
  <item ID="1102" Name="HP hồi phục 500" EffectPic="" Description="" Pic="-1" />
  <item ID="1103" Name="HP hồi phục 1000" EffectPic="" Description="" Pic="-1" />
  <item ID="1104" Name="Pháo Bay Lượn*800" EffectPic="" Description="" Pic="-1" />
  <item ID="1105" Name="Pháo Bay Lượn*1000" EffectPic="" Description="" Pic="-1" />
  <item ID="1106" Name="Nhận được 1 điểm ma pháp" EffectPic="" Description="" Pic="-1" />
  <item ID="1107" Name="Nhận được 50 điểm ma pháp" EffectPic="" Description="" Pic="-1" />
  <item ID="1108" Name="Nhận được 3 điểm ma pháp" EffectPic="" Description="" Pic="-1" />
  <item ID="1109" Name="Nhận được kỹ năng 98" EffectPic="" Description="" Pic="-1" />
  <item ID="1110" Name="Giải trừ 50 điểm phép thuật" EffectPic="" Description="" Pic="-1" />
  <item ID="1111" Name="Gai Kiến Lv1" EffectPic="effect034" Description="Phản sát thương. (TIPS ở 1067)" Pic="-1" />
  <item ID="1112" Name="Gai Kiến Lv2" EffectPic="effect034" Description="Phản sát thương. (TIPS ở 1068)" Pic="-1" />
  <item ID="1113" Name="Phản 300 điểm sát thương" EffectPic="effect034" Description="" Pic="-1" />
  <item ID="1114" Name="Phản 500 điểm sát thương" EffectPic="effect034" Description="" Pic="-1" />
  <item ID="1115" Name="Hồi phục 500 điểm HP" EffectPic="" Description="" Pic="-1" />
  <item ID="1116" Name="Hồi phục 1000 điểm HP" EffectPic="" Description="" Pic="-1" />
  <item ID="1117" Name="Tiếp Cận" EffectPic="effect035" Description="Có thể đỡ được lượng lớn sát thương." Pic="7" />
  <item ID="1118" Name="Tăng Tốc Sinh Trưởng Lv1" EffectPic="" Description="Tăng phòng ngự." Pic="3" />
  <item ID="1119" Name="Tăng Tốc Sinh Trưởng Lv2" EffectPic="" Description="Tăng phòng ngự." Pic="3" />
  <item ID="1120" Name="Kén Trùng Lv1" EffectPic="" Description="Tăng hộ giáp." Pic="2" />
  <item ID="1121" Name="Kén Trùng Lv2" EffectPic="" Description="Tăng hộ giáp." Pic="2" />
  <item ID="1122" Name="Thú Cưng Tấn Công Lv1" EffectPic="" Description="% sat thương công kích" Pic="-1" />
  <item ID="1123" Name="Thú Cưng Tấn Công Lv2" EffectPic="" Description="% sat thương công kích" Pic="-1" />
  <item ID="1124" Name="Thú Cưng Tấn Công Lv3" EffectPic="" Description="% sat thương công kích" Pic="-1" />
  <item ID="1125" Name="Sát thương tăng 100%" EffectPic="" Description="" Pic="-1" />
  <item ID="1126" Name="Sát thương tăng 120%" EffectPic="" Description="" Pic="-1" />
  <item ID="1127" Name="Sát thương tăng 140%" EffectPic="" Description="" Pic="-1" />
  <item ID="1128" Name="Sát thương tăng 300%" EffectPic="" Description="" Pic="-1" />
  <item ID="1129" Name="Sát thương tăng 350%" EffectPic="" Description="" Pic="-1" />
  <item ID="1130" Name="Công kích giảm 200" EffectPic="" Description="Công kích giảm 200" Pic="-1" />
  <item ID="1131" Name="Công kích giảm 150" EffectPic="" Description="Công kích giảm 150" Pic="-1" />
  <item ID="1132" Name="Công kích giảm 100" EffectPic="" Description="Công kích giảm 100" Pic="-1" />
  <item ID="1133" Name="Sát thương tăng 120%" EffectPic="" Description="" Pic="-1" />
  <item ID="1134" Name="Sát thương tăng 180%" EffectPic="" Description="" Pic="-1" />
  <item ID="1135" Name="Giảm 500 điểm sát thương chịu được" EffectPic="effect007" Description="Giảm 500 điểm sát thương chịu được" Pic="7" />
  <item ID="1136" Name="duy trì phản kích" EffectPic="effect001" Description="duy trì phản kích" Pic="-1" />
  <item ID="1137" Name="phản dame" EffectPic="effect034" Description="hiệu ứng phản dame" Pic="-1" />
  <item ID="1138" Name="100% xác suất bạo kích" EffectPic="" Description="100% bạo kích" Pic="-1" />
  <item ID="1139" Name="Thú cưng công kích Lv2 (rồng chuyên dùng)" EffectPic="" Description="x% sát thương của thú cưng công kích" Pic="-1" />
  <item ID="1149" Name="Thú cưng công kích Lv3 (rồng chuyên dùng)" EffectPic="" Description="x% sát thương của thú cưng công kích" Pic="-1" />
  <item ID="1150" Name="Đạn Rồng Lửa Lv1" EffectPic="effect042" Description="Giảm 1% HP, duy trì 3 turn" Pic="14" />
  <item ID="1151" Name="Đạn Rồng Lửa Lv2" EffectPic="effect042" Description="Gảm 2% HP, duy trì 3 turn" Pic="14" />
  <item ID="1152" Name="Đạn Rồng Lửa Lv3" EffectPic="effect042" Description="Giảm 3% HP, duy trì 3 turn" Pic="14" />
  <item ID="1153" Name="Hiệp Ước Tà Long Lv1" EffectPic="effect039" Description="Sát thương cơ bản tăng 15%, hộ giáp giảm 500" Pic="13" />
  <item ID="1154" Name="Hiệp Ước Tà Long Lv2" EffectPic="effect039" Description="Sát thương cơ bản tăng 25%, hộ giáp giảm 650" Pic="13" />
  <item ID="1155" Name="Hiệp Ước Tà Long Lv1" EffectPic="" Description="Hộ giáp giảm 500" Pic="-1" />
  <item ID="1156" Name="Hiệp Ước Tà Long Lv2" EffectPic="" Description="Hộ giáp giảm 650" Pic="-1" />
  <item ID="1157" Name="Rồng Bảo Vệ Lv1" EffectPic="effect033" Description="Hồi phục 2% HP" Pic="-1" />
  <item ID="1158" Name="Rồng Bảo Vệ Lv1" EffectPic="effect033" Description="Hồi phục 4% HP" Pic="-1" />
  <item ID="1159" Name="Ấn Rồng Lửa" EffectPic="effect040" Description="Mỗi turn giảm 1000 HP, giảm thêm 2% HP hiện tại" Pic="14" />
  <item ID="1160" Name="Ấn Rồng Lửa" EffectPic="effect041" Description="Mỗi turn giảm 2000 HP, giảm thêm 4% HP hiện tại" Pic="14" />
  <item ID="1161" Name="Rồng Phẫn Nộ Lv1" EffectPic="effect042" Description="Giảm 3000 HP, diệt nhanh khi 5%" Pic="-1" />
  <item ID="1162" Name="Rồng Phẫn Nộ Lv2" EffectPic="effect042" Description="Giảm 5000 HP, diệt nhanh khi 10%" Pic="-1" />
  <item ID="1163" Name="Sừng Rồng Sắc Nhọn Lv1" EffectPic="effect016" Description="Tấn công tăng 150, sát thương tăng 100" Pic="9" />
  <item ID="1164" Name="Sừng Rồng Sắc Nhọn Lv2" EffectPic="effect016" Description="Tấn công tăng 300, sát thương tăng 200" Pic="9" />
  <item ID="1165" Name="Sừng Rồng Sắc Nhọn Lv1" EffectPic="" Description="Sát thương tăng 100" Pic="-1" />
  <item ID="1166" Name="Sừng Rồng Sắc Nhọn Lv2" EffectPic="" Description="Sát thương tăng 200" Pic="-1" />
  <item ID="1167" Name="Xoay chuyển tư thế cuồng long" EffectPic="" Description="" Pic="-1" />
  <item ID="1168" Name="Xoay chuyển tư thế rồng ngủ" EffectPic="" Description="" Pic="-1" />
  <item ID="1169" Name="Xoay chuyển tư thế nộ long" EffectPic="" Description="(đồng thời dịch chuyển hỏa long ấn kí)" Pic="-1" />
  <item ID="1170" Name="Nộ long truy kích Lv1" EffectPic="" Description="Mỗi lần đến hiệp của kẻ địch, thú cưng sẽ tiến hành công kích" Pic="-1" />
  <item ID="1171" Name="Nộ long truy kích Lv2" EffectPic="" Description="Mỗi lần đến hiệp của kẻ địch, thú cưng sẽ tiến hành công kích" Pic="-1" />
  <item ID="1172" Name="Hồn long bảo hộ Lv1" EffectPic="" Description="Khi bị công kích hồi phục HP" Pic="-1" />
  <item ID="1173" Name="Hồn long bảo hộ Lv2" EffectPic="" Description="Khi bị công kích hồi phục HP" Pic="-1" />
  <item ID="1174" Name="Rồng Bảo Vệ Lv1" EffectPic="effect037" Description="Khi bị tấn công có xác suất nhất định hồi HP" Pic="11" />
  <item ID="1175" Name="Rồng Bảo Vệ Lv2" EffectPic="effect037" Description="Khi bị tấn công có xác suất nhất định hồi HP" Pic="11" />
  <item ID="1176" Name="Nộ long truy kích Lv1" EffectPic="effect038" Description="Mỗi lần đến hiệp của kẻ địch, thú cưng sẽ tiến hành công kích" Pic="12" />
  <item ID="1177" Name="Nộ long truy kích Lv2" EffectPic="effect038" Description="Mỗi lần đến hiệp của kẻ địch, thú cưng sẽ tiến hành công kích" Pic="12" />
  <item ID="1178" Name="Đạn Liệt Băng Lv1" EffectPic="effect011" Description="Tăng tấn công 100" Pic="1" />
  <item ID="1179" Name="Đạn Liệt Băng Lv2" EffectPic="effect011" Description="Tăng tấn công 300" Pic="1" />
  <item ID="1180" Name="Đạn Liệt Băng Lv3" EffectPic="effect011" Description="Tăng tấn công 500" Pic="1" />
  <item ID="1181" Name="Chắn Thủy Tinh Lv1" EffectPic="effect048" Description="Tăng hộ giáp 100" Pic="8" />
  <item ID="1182" Name="Chắn Thủy Tinh Lv2" EffectPic="effect048" Description="Tăng hộ giáp 200" Pic="8" />
  <item ID="1183" Name="Chắn Thủy Tinh Lv3" EffectPic="effect048" Description="Tăng hộ giáp 300" Pic="8" />
  <item ID="1184" Name="Địa Ngục Băng Giá Lv1" EffectPic="effect049" Description="Tăng sát thương 150" Pic="1" />
  <item ID="1185" Name="Địa Ngục Băng Giá Lv2" EffectPic="effect049" Description="Tăng sát thương 300" Pic="1" />
  <item ID="1186" Name="Địa Ngục Băng Giá Lv1" EffectPic="" Description="Mỗi turn giảm 500 HP" Pic="14" />
  <item ID="1187" Name="Địa Ngục Băng Giá Lv2" EffectPic="" Description="Mỗi turn giảm 800 HP" Pic="14" />
  <item ID="1188" Name="Nhận kỹ năng 139" EffectPic="" Description="" Pic="-1" />
  <item ID="1189" Name="Hủy hiệu ứng" EffectPic="" Description="" Pic="-1" />
  <item ID="1190" Name="Sấm chớp Lv1" EffectPic="" Description="Tăng nhanh nhẹn 300" Pic="5" />
  <item ID="1191" Name="Sấm chớp Lv2" EffectPic="" Description="Tăng nhanh nhẹn 500" Pic="5" />
  <item ID="1192" Name="Tim Phụng Hoàng Lv1" EffectPic="" Description="Tăng tấn công 100" Pic="6" />
  <item ID="1193" Name="Tim Phụng Hoàng Lv2" EffectPic="" Description="Tăng tấn công 300" Pic="6" />
  <item ID="1194" Name="Nhất Kích Tất Sát Lv1" EffectPic="" Description="Tăng tấn công 200" Pic="1" />
  <item ID="1195" Name="Nhất Kích Tất Sát Lv2" EffectPic="" Description="Tăng tấn công 300" Pic="1" />
  <item ID="1196" Name="Nhất Kích Tất Sát Lv1" EffectPic="" Description="Tăng sát thương 100" Pic="6" />
  <item ID="1197" Name="Nhất Kích Tất Sát Lv2" EffectPic="" Description="Tăng sát thương 150" Pic="6" />
  <item ID="1198" Name="Nhất Kích Tất Sát Lv1" EffectPic="effect050" Description="Tăng bạo kích 30%" Pic="9" />
  <item ID="1199" Name="Nhất Kích Tất Sát Lv2" EffectPic="effect050" Description="Tăng bạo kích 50%" Pic="9" />
  <item ID="1200" Name="Băng Hồn" EffectPic="" Description="Khi đến lượt, tăng 2 điểm ma pháp cho toàn bộ thú cưng cùng phe" Pic="-1" />
  <item ID="1201" Name="Nọc Độc Lv1" EffectPic="" Description="Sát thương-100" Pic="4" />
  <item ID="1202" Name="Nọc Độc Lv2" EffectPic="" Description="Sát thương-200" Pic="4" />
  <item ID="1203" Name="Nọc Độc Lv3" EffectPic="" Description="Sát thương-300" Pic="4" />
  <item ID="1204" Name="Kiệt Sức Lv1" EffectPic="effect063" Description="Tấn công-300, Phòng thủ-300" Pic="9" />
  <item ID="1205" Name="Kiệt Sức Lv2" EffectPic="effect063" Description="Tấn công-500, Phòng thủ-500" Pic="9" />
  <item ID="1206" Name="Kiệt Sức Lv1" EffectPic="" Description="Tấn công-300, Phòng thủ-300" Pic="-1" />
  <item ID="1207" Name="Kiệt Sức Lv2" EffectPic="" Description="Tấn công-500, Phòng thủ-500" Pic="-1" />
  <item ID="1208" Name="Mahoraga Lv1" EffectPic="effect060" Description="Giảm 10 điểm ma pháp thú cưng" Pic="-1" />
  <item ID="1209" Name="Mahoraga Lv2" EffectPic="effect060" Description="Giảm 30 điểm ma pháp thú cưng" Pic="-1" />
  <item ID="1210" Name="Cuồng bạo Lv1" EffectPic="" Description="Mỗi turn -500 HP" Pic="14" />
  <item ID="1211" Name="Cuồng bạo Lv2" EffectPic="" Description="Mỗi turn -1000 HP" Pic="14" />
  <item ID="1212" Name="Cuồng bạo Lv1" EffectPic="effect061" Description="Tỷ lệ bạo kích +20%" Pic="6" />
  <item ID="1213" Name="Cuồng bạo Lv2" EffectPic="effect061" Description="Tỷ lệ bạo kích +50%" Pic="6" />
  <item ID="1214" Name="Hắc nha Lv1" EffectPic="" Description="Hộ giáp +100, HP+1500" Pic="3" />
  <item ID="1215" Name="Hắc nha Lv2" EffectPic="" Description="Hộ giáp +200, HP+3000" Pic="3" />
  <item ID="1216" Name="Hắc nha Lv1" EffectPic="" Description="Tăng 1500 HP" Pic="-1" />
  <item ID="1217" Name="Hắc nha Lv2" EffectPic="" Description="Tăng 3000 HP" Pic="-1" />
  <item ID="1218" Name="Hắc nha Lv1" EffectPic="" Description="" Pic="-1" />
  <item ID="1219" Name="Hắc nha Lv2" EffectPic="" Description="" Pic="-1" />
  <item ID="1220" Name="Tuyệt vọng Lv1" EffectPic="" Description="Hộ giáp -100" Pic="7" />
  <item ID="1221" Name="Tuyệt vọng Lv2" EffectPic="" Description="Hộ giáp -200" Pic="7" />
  <item ID="1222" Name="Quái vật ngàn năm" EffectPic="effect062" Description="Không thể di chuyển" Pic="9" />
  <item ID="1223" Name="Chuyển hóa" EffectPic="" Description="Mỗi lần bị tấn công tăng 2 điểm thú cưng" Pic="-1" />
  <item ID="1224" Name="Địa Ngục Băng Giá Lv1" EffectPic="" Description="Mỗi turn giảm 500 HP" Pic="-1" />
  <item ID="1225" Name="Địa Ngục Băng Giá Lv2" EffectPic="" Description="Mỗi turn giảm 800 HP" Pic="-1" />
  <item ID="1226" Name="Cuồng bạo Lv1" EffectPic="" Description="Mỗi turn giảm 500 HP" Pic="-1" />
  <item ID="1227" Name="Cuồng bạo Lv2" EffectPic="" Description="Mỗi turn giảm 1000 HP" Pic="-1" />
  <item ID="1228" Name="Trả đòn Lv1" EffectPic="" Description="Phản sát thương" Pic="9" />
  <item ID="1229" Name="Trả đòn Lv2" EffectPic="" Description="Phản sát thương" Pic="9" />
  <item ID="1230" Name="Duy trì miêu trảo" EffectPic="effect064" Description="Duy trì gai nhọn" Pic="-1" />
  <item ID="1231" Name="Giảm 500 điểm sát thương phải chịu" EffectPic="effect065" Description="Giảm 500 điểm sát thương phải chịu" Pic="7" />
  <item ID="1232" Name="Nhận kĩ năng 10416" EffectPic="" Description="" Pic="-1" />
  <item ID="1233" Name="Nhận kĩ năng 10417" EffectPic="" Description="" Pic="-1" />
  <item ID="1234" Name="Nhận kĩ năng 10418" EffectPic="" Description="" Pic="-1" />
  <item ID="1235" Name="Phản đòn" EffectPic="effect066" Description="Phản đòn" Pic="-1" />
  <item ID="1236" Name="Phản lại 500 điểm sát thương" EffectPic="effect008" Description="" Pic="-1" />
  <item ID="1237" Name="Phản lại 800 điểm sát thương" EffectPic="effect008" Description="" Pic="-1" />
  <item ID="1238" Name="Xung kích Lv1" EffectPic="effect012" Description="Tăng sát thương" Pic="3" />
  <item ID="1239" Name="Xung kích Lv2" EffectPic="effect012" Description="Tăng sát thương" Pic="3" />
  <item ID="1240" Name="Xung kích Lv3" EffectPic="effect012" Description="Tăng sát thương" Pic="3" />
  <item ID="1241" Name="Khiên rắn chắc Lv1" EffectPic="" Description="Tăng hộ giáp" Pic="2" />
  <item ID="1242" Name="Khiên rắn chắc Lv2" EffectPic="" Description="Tăng hộ giáp" Pic="2" />
  <item ID="1243" Name="Hồi phục 1500 HP" EffectPic="" Description="" Pic="-1" />
  <item ID="1244" Name="Hồi phục 2500 HP" EffectPic="" Description="" Pic="-1" />
  <item ID="1245" Name="Nhận 2 điểm ma pháp" EffectPic="" Description="Mỗi lần công kích tăng 2 điểm ma pháp" Pic="-1" />
  <item ID="1246" Name="Giảm 650 sát thương phải chịu" EffectPic="effect065" Description="Giảm 650 sát thương phải chịu" Pic="7" />
  <item ID="1247" Name="Giảm 750 sát thương phải chịu" EffectPic="effect065" Description="Giảm 750 sát thương phải chịu" Pic="7" />
  <item ID="1248" Name="Trị thương Lv1" EffectPic="effect007" Description="Giảm sát thương phải chịu" Pic="7" />
  <item ID="1249" Name="Trị thương Lv2" EffectPic="effect007" Description="Giảm sát thương phải chịu" Pic="7" />
  <item ID="1250" Name="Trị thương Lv3" EffectPic="effect007" Description="Giảm sát thương phải chịu" Pic="7" />
  <item ID="1251" Name="Kim châm kiến Lv1(vuốt mèo)" EffectPic="effect008" Description="Phản sát thương" Pic="-1" />
  <item ID="1252" Name="Kim châm kiến Lv2 (vuốt mèo)" EffectPic="effect008" Description="Phản sát thương" Pic="-1" />
  <item ID="1253" Name="Tới lượt bản thân, trừ đối thủ 3 điểm ma pháp" EffectPic="" Description="Ma pháp thú cưng giảm 3 điểm" Pic="-1" />
  <item ID="1254" Name="Tấn công -100" EffectPic="" Description="Tấn công -100" Pic="-1" />
  <item ID="1255" Name="Tấn công -200" EffectPic="" Description="Tấn công -200" Pic="-1" />
  <item ID="1256" Name="Tấn công -300" EffectPic="" Description="Tấn công -300" Pic="-1" />
  <item ID="1257" Name="Đồng đội +100 hộ giáp" EffectPic="effect067" Description="Hộ giáp +100" Pic="8" />
  <item ID="1258" Name="Đồng đội +200 hộ giáp" EffectPic="effect067" Description="Hộ giáp +200" Pic="8" />
  <item ID="1259" Name="Đồng đội hồi phục 800 HP" EffectPic="" Description="Hồi phục HP." Pic="5" />
  <item ID="1260" Name="Đồng đội hồi phục 1000 HP" EffectPic="" Description="Hồi phục HP." Pic="5" />
  <item ID="1261" Name="May mắn +300" EffectPic="" Description="May mắn +300" Pic="5" />
  <item ID="1262" Name="May mắn +500" EffectPic="" Description="May mắn +500" Pic="5" />
  <item ID="1263" Name="Nhận được 2 điểm ma pháp" EffectPic="" Description="Nhận được 2 điểm ma pháp" Pic="-1" />
  <item ID="1264" Name="Tất cả đồng đội +100 sát thương" EffectPic="" Description="Tấn công +100" Pic="6" />
  <item ID="1265" Name="Tất cả đồng đội +300 sát thương" EffectPic="" Description="Tấn công +300" Pic="6" />
  <item ID="1266" Name="Giảm 10 điểm ma pháp địch" EffectPic="effect068" Description="Giảm 10 điểm ma pháp Pet địch bị bắn trúng" Pic="-1" />
  <item ID="1267" Name="Giảm 20 điểm ma pháp địch" EffectPic="effect068" Description="Giảm 20 điểm ma pháp Pet địch bị bắn trúng" Pic="-1" />
  <item ID="1268" Name="Pet đồng đội +5 điểm ma pháp" EffectPic="" Description="Pet đồng đội +5 điểm ma pháp" Pic="-1" />
  <item ID="1269" Name="Pet đồng đội +10 điểm ma pháp" EffectPic="" Description="Pet đồng đội +10 điểm ma pháp" Pic="-1" />
  <item ID="1270" Name="Giảm 800 HP người chơi bị bắn trúng" EffectPic="" Description="Giảm 800 HP người chơi bị bắn trúng" Pic="-1" />
  <item ID="1271" Name="Giảm 1300 HP người chơi bị bắn trúng" EffectPic="" Description="Giảm 1300 HP người chơi bị bắn trúng" Pic="-1" />
  <item ID="1272" Name="获得192技能" EffectPic="" Description="获得核爆技能192" Pic="-1" />
  <item ID="1273" Name="获得193技能" EffectPic="" Description="获得核爆技能193" Pic="-1" />
  <item ID="1274" Name="空技能" EffectPic="" Description="" Pic="-1" />
  <item ID="1275" Name="Nhận được 2 ma pháp" EffectPic="" Description="Nhận được 2 ma pháp" Pic="-1" />
  <item ID="1276" Name="Hồi 1% HP" EffectPic="" Description="Hồi 1% HP" Pic="1" />
  <item ID="1277" Name="Hồi  2% HP" EffectPic="" Description="Hồi  2% HP" Pic="1" />
  <item ID="1278" Name="Sát thương bạo kích phải chịu -20%" EffectPic="effect065" Description="Sát thương bạo kích phải chịu -20%" Pic="7" />
  <item ID="1279" Name="Sát thương bạo kích phải chịu -30%" EffectPic="effect065" Description="Sát thương bạo kích phải chịu -30%" Pic="7" />
  <item ID="1280" Name="Ẩn Thân Đơn" EffectPic="" Description="Ẩn Thân" Pic="-1" />
  <item ID="1281" Name="Sát thương phải chịu -15%" EffectPic="effect065" Description="Sát thương phải chịu -15%" Pic="15" />
  <item ID="1282" Name="Giảm 30% sát thưởng phải chịu" EffectPic="effect065" Description="Giảm 30% sát thưởng phải chịu" Pic="15" />
  <item ID="1283" Name="Sát thương phải chịu -50%" EffectPic="effect065" Description="Sát thương phải chịu -50%" Pic="15" />
  <item ID="1284" Name="Hồi 30% HP" EffectPic="" Description="Hồi 30% HP" Pic="1" />
  <item ID="1285" Name="Hồi 30% HP" EffectPic="" Description="Hồi 30% HP" Pic="1" />
  <item ID="1286" Name="Khóa KN Thú Cưỡi" EffectPic="effect069" Description="Khóa KN Thú Cưỡi" Pic="9" />
  <item ID="1287" Name="Khóa KN Thú Cưng" EffectPic="effect069" Description="Khóa KN Thú Cưng" Pic="9" />
  <item ID="1288" Name="Siêu Nhanh" EffectPic="" Description="Trong thi đấu ngẫu nhiên di chuyển đến 1 vị trí" Pic="-1" />
  <item ID="1289" Name="Nhận được kỹ năng 210" EffectPic="" Description="Nhận kỹ năng Siêu Phàm 210 được kỹ năng 216" Pic="-1" />
  <item ID="1290" Name="Nhận được kỹ năng 211" EffectPic="" Description="Nhận kỹ năng Siêu Phàm 211 được kỹ năng 217" Pic="-1" />
  <item ID="1291" Name="Giảm 1 điểm ma pháp địch" EffectPic="effect068" Description="Giảm 2 điểm ma pháp địch" Pic="-1" />
  <item ID="1292" Name="Giảm 2 điểm ma pháp địch" EffectPic="effect068" Description="Giảm 3 điểm ma pháp địch" Pic="-1" />
  <item ID="1293" Name="Nhận được kỹ năng 206" EffectPic="" Description="Nhận được kỹ năng 206" Pic="-1" />
  <item ID="1294" Name="Nhận được kỹ năng 207" EffectPic="" Description="Nhận được kỹ năng 207" Pic="-1" />
  <item ID="1295" Name="Nhận được kỹ năng 214" EffectPic="" Description="Nhận Đánh Mạnh 214" Pic="-1" />
  <item ID="1296" Name="Nhận được kỹ năng 215" EffectPic="" Description="Nhận Đánh Mạnh 215" Pic="-1" />
  <item ID="1297" Name="Hiệu quả giải trừ Nụ Cười Thâm Hiểm" EffectPic="" Description="" Pic="-1" />
  <item ID="1298" Name="Hiệu quả giải trừ Hút HP 1" EffectPic="" Description="" Pic="-1" />
  <item ID="1299" Name="Hiệu quả giải trừ Hút HP 2" EffectPic="" Description="" Pic="-1" />
  <item ID="1300" Name="Trộm 30% ma pháp kỹ năng chủ động địch" EffectPic="" Description="Trộm 30% ma pháp kỹ năng chủ động địch" Pic="-1" />
  <item ID="1301" Name="Trộm 50% ma pháp kỹ năng chủ động địch" EffectPic="" Description="Trộm 50% ma pháp kỹ năng chủ động địch" Pic="-1" />
  <item ID="1302" Name="Nhận được 1 ma pháp" EffectPic="" Description="Nhận được 1 ma pháp" Pic="-1" />
  <item ID="1303" Name="Nhận được 2 ma pháp" EffectPic="" Description="Nhận được 2 ma pháp" Pic="-1" />
  <item ID="1304" Name="Khiến địch -1 ma pháp" EffectPic="effect068" Description="Khiến địch -1 ma pháp" Pic="-1" />
  <item ID="1305" Name="Giảm 2 điểm ma pháp địch" EffectPic="effect068" Description="Giảm 2 điểm ma pháp địch" Pic="-1" />
  <item ID="1306" Name="Nhận được 218" EffectPic="" Description="Nhận được kỹ năng 218" Pic="-1" />
  <item ID="1307" Name="Nhận được 219" EffectPic="" Description="Nhận được kỹ năng 219" Pic="-1" />
  <item ID="1308" Name="Hồi 30% sát thương" EffectPic="" Description="Hồi 30% sát thương" Pic="3" />
  <item ID="1309" Name="Hồi 30% sát thương" EffectPic="" Description="Hồi 30% sát thương" Pic="3" />
  <item ID="1310" Name="Nhận được kỹ năng 220" EffectPic="" Description="Nhận được kỹ năng 220" Pic="-1" />
  <item ID="1311" Name="Nhận được kỹ năng 221" EffectPic="" Description="Nhận được kỹ năng 221" Pic="-1" />
  <item ID="1322" Name="Tốn HP và Ma Pháp" EffectPic="" Description="Mỗi sát thương 3500 điểm, tăng 1 điểm Ma Pháp" Pic="-1" />
  <item ID="1323" Name="Diệt Nhanh" EffectPic="" Description="5% diệt nhanh" Pic="-1" />
  <item ID="1324" Name="Diệt Nhanh" EffectPic="" Description="10% diệt nhanh" Pic="-1" />
  <item ID="1325" Name="Thú Cưng Tấn Công Lv1" EffectPic="" Description="Thú cưng tấn công X% sát thương" Pic="-1" />
  <item ID="1326" Name="Thú Cưng Tấn Công Lv2" EffectPic="" Description="Thú cưng tấn công X% sát thương" Pic="-1" />
  <item ID="1327" Name="Thú Cưng Tấn Công Lv3" EffectPic="" Description="Thú cưng tấn công X% sát thương" Pic="-1" />
  <item ID="1328" Name="Sát thương tăng 100%" EffectPic="" Description="" Pic="-1" />
  <item ID="1329" Name="Sát thương tăng 130%" EffectPic="" Description="" Pic="-1" />
  <item ID="1330" Name="Sát thương tăng 155%" EffectPic="" Description="" Pic="-1" />
  <item ID="1331" Name="Bất Động Lv1" EffectPic="effect003" Description="Nhận miễn kháng, tăng hiệu quả phòng thủ, nhưng không thể di chuyển." Pic="3" />
  <item ID="1332" Name="Bất Động Lv2" EffectPic="effect003" Description="Nhận miễn kháng, tăng hiệu quả phòng thủ, nhưng không thể di chuyển." Pic="3" />
  <item ID="1333" Name="Bất Động Lv3" EffectPic="effect003" Description="Nhận miễn kháng, tăng hiệu quả phòng thủ, nhưng không thể di chuyển." Pic="3" />
  <item ID="1334" Name="Tấn công giảm 20%" EffectPic="" Description="Tấn công giảm 20%" Pic="-1" />
  <item ID="1335" Name="Tấn công giảm 15%" EffectPic="" Description="Tấn công giảm 15%" Pic="-1" />
  <item ID="1336" Name="Bắn Chỉ Định Lv1" EffectPic="effect019" Description="Tăng hộ giáp, mất hiệu quả khi di chuyển." Pic="2" />
  <item ID="1337" Name="Bắn Chỉ Định Lv2" EffectPic="effect019" Description="Tăng hộ giáp, mất hiệu quả khi di chuyển." Pic="2" />
  <item ID="1338" Name="Nhận được kỹ năng 242" EffectPic="" Description="" Pic="-1" />
  <item ID="1339" Name="Hiệu quả giải trừ" EffectPic="" Description="" Pic="-1" />
  <item ID="1340" Name="Thú cưng gây cho xung quanh 2% sát thương" EffectPic="effect036" Description="" Pic="-1" />
  <item ID="1341" Name="Thú cưng gây cho xung quanh 3% sát thương" EffectPic="effect036" Description="" Pic="-1" />
  <item ID="1342" Name="Pháo Đài V3 Lv1" EffectPic="effect018" Description="Nhận miễn kháng, tăng sát thương, may mắn, giảm hộ giáp, mất hiệu quả khi di chu" Pic="6" />
  <item ID="1343" Name="Pháo Đài V3 Lv2" EffectPic="effect018" Description="Nhận miễn kháng, tăng sát thương, may mắn, giảm hộ giáp, mất hiệu quả khi di chu" Pic="6" />
  <item ID="1344" Name="May mắn tăng 10%" EffectPic="" Description="" Pic="-1" />
  <item ID="1345" Name="May mắn tăng 15%" EffectPic="" Description="" Pic="-1" />
  <item ID="1346" Name="Hộ giáp giảm 30%" EffectPic="" Description="" Pic="-1" />
  <item ID="1347" Name="Hộ giáp giảm 25%" EffectPic="" Description="" Pic="-1" />
  <item ID="1348" Name="Nhận được kỹ năng 243" EffectPic="" Description="" Pic="-1" />
  <item ID="1349" Name="Hiệu quả giải trừ 1082,1083,1084,1085" EffectPic="" Description="" Pic="-1" />
  <item ID="1350" Name="Hiệu quả giải trừ 1086,1087,1088" EffectPic="" Description="" Pic="-1" />
  <item ID="1351" Name="Nhận điểm ma pháp 4" EffectPic="" Description="" Pic="-1" />
  <item ID="1352" Name="Giảm 3.3% HP." EffectPic="" Description="Giảm 3.3% HP." Pic="1" />
  <item ID="1353" Name="Gà Phẫn Nộ Lv1" EffectPic="effect016" Description="Bị tấn công sẽ tăng sát thương" Pic="1" />
  <item ID="1354" Name="Gà Phẫn Nộ Lv2" EffectPic="effect016" Description="Bị tấn công sẽ tăng sát thương" Pic="1" />
  <item ID="1355" Name="Nhận được kỹ năng 244" EffectPic="" Description="" Pic="-1" />
  <item ID="1356" Name="Hiệu quả giải trừ 1354, 1355" EffectPic="" Description="" Pic="-1" />
  <item ID="1357" Name="Nhận được kỹ năng 244" EffectPic="" Description="" Pic="-1" />
  <item ID="1358" Name="Hồi phục chậm Lv1" EffectPic="effect033" Description="Hồi HP" Pic="5" />
  <item ID="1359" Name="Hồi phục chậm Lv2" EffectPic="effect033" Description="Hồi HP" Pic="5" />
  <item ID="1360" Name="Hồi phục chậm Lv3" EffectPic="effect033" Description="Hồi HP" Pic="5" />
  <item ID="1361" Name="Hoa Nở Lv1" EffectPic="effect002" Description="Hồi HP" Pic="5" />
  <item ID="1362" Name="Hoa Nở Lv2" EffectPic="effect002" Description="Hồi HP" Pic="5" />
  <item ID="1363" Name="Hoa Nở Lv3" EffectPic="effect002" Description="Hồi HP" Pic="5" />
  <item ID="1364" Name="Hồi phục 8% HP" EffectPic="" Description="" Pic="-1" />
  <item ID="1365" Name="Hồi phục 10% HP" EffectPic="" Description="" Pic="-1" />
  <item ID="1366" Name="Hoa Nở Trăm Lần Lv1" EffectPic="effect006" Description="Hồi HP" Pic="5" />
  <item ID="1367" Name="Hoa Nở Trăm Lần Lv2" EffectPic="effect006" Description="Hồi HP" Pic="5" />
  <item ID="1368" Name="Nhận kỹ năng" EffectPic="" Description="Hồi HP khi bị tấn công" Pic="3" />
  <item ID="1369" Name="Nhận kỹ năng" EffectPic="" Description="Hồi HP khi bị tấn công, HP quá thấp nhận hiệu quả x2" Pic="3" />
  <item ID="1370" Name="Khiên Phòng Hộ" EffectPic="" Description="Hồi HP khi bị tấn công" Pic="-1" />
  <item ID="1371" Name="Khiên Phòng Hộ" EffectPic="" Description="Hồi HP khi bị tấn công, HP quá thấp nhận hiệu quả x2" Pic="-1" />
  <item ID="1372" Name="Hiệu quả thiên sứ ban phúc" EffectPic="" Description="" Pic="-1" />
  <item ID="1373" Name="Hiệu quả thiên sứ ban phúc" EffectPic="" Description="" Pic="-1" />
  <item ID="1374" Name="Đạn Bay" EffectPic="" Description="" Pic="-1" />
  <item ID="1375" Name="Đạn Bay" EffectPic="" Description="" Pic="-1" />
  <item ID="1376" Name="Ma Lực Sinh Sôi" EffectPic="" Description="" Pic="-1" />
  <item ID="1418" Name="Sát thương +50%" EffectPic="" Description="" Pic="-1" />
  <item ID="1419" Name="Sát thương +80%" EffectPic="" Description="" Pic="-1" />
  <item ID="1420" Name="Sát thương +120%" EffectPic="" Description="" Pic="-1" />
  <item ID="1421" Name="Xác suất bạo kích +20%" EffectPic="" Description="Xác suất bạo kích +20%" Pic="20" />
  <item ID="1422" Name="Tăng Ma Công" EffectPic="" Description="Tăng Ma Công" Pic="22" />
  <item ID="1423" Name="Giảm Ma Kháng" EffectPic="" Description="Giảm Ma Kháng" Pic="21" />
  <item ID="1424" Name="Tăng Ma Công" EffectPic="" Description="Tăng Ma Công" Pic="22" />
  <item ID="1425" Name="Giảm Ma Kháng" EffectPic="" Description="Giảm Ma Kháng" Pic="21" />
  <item ID="1426" Name="Bất động 1 turn" EffectPic="effect081" Description="Bất động 1 turn" Pic="-1" />
  <item ID="1427" Name="Giảm ma pháp" EffectPic="" Description="Giảm 10 ma pháp" Pic="-1" />
  <item ID="1428" Name="Giảm sát thương bản thân" EffectPic="" Description="Giảm sát thương, xác suất miễn bị bạo kích" Pic="23" />
  <item ID="1429" Name="Giảm sát thương bản thân" EffectPic="" Description="Giảm sát thương, xác suất miễn bị bạo kích" Pic="23" />
  <item ID="1430" Name="Miễn bị bạo kích" EffectPic="" Description="Miễn bị bạo kích" Pic="-1" />
  <item ID="1431" Name="Miễn bị bạo kích" EffectPic="" Description="Miễn bị bạo kích" Pic="-1" />
  <item ID="1432" Name="Đánh dấu ẩn thân" EffectPic="" Description="Đánh dấu người chơi ẩn" Pic="25" />
  <item ID="1433" Name="Nhận kỹ năng" EffectPic="" Description="Nhận kỹ năng tăng sát thương" Pic="-1" />
  <item ID="1434" Name="Sát thương tăng" EffectPic="" Description="Tăng sát thương" Pic="-1" />
  <item ID="1435" Name="Chịu trí mạng hồi phục HP" EffectPic="effect082" Description="Khi chịu đòn trí mạng được hồi HP" Pic="24" />
  <item ID="1436" Name="Sát thương toàn màn hình" EffectPic="" Description="Sát thương toàn màn hình" Pic="-1" />
  <item ID="1437" Name="Sát thương toàn màn hình" EffectPic="" Description="Sát thương toàn màn hình" Pic="-1" />
  <item ID="1438" Name="Dùng vật phẩm tăng ma pháp" EffectPic="" Description="Dùng vật phẩm tăng ma pháp" Pic="-1" />
  <item ID="1439" Name="Hòn Kiến Lửa Lv1" EffectPic="effect012" Description="Tăng hộ giáp" Pic="3" />
  <item ID="1440" Name="Hòn Kiến Lửa Lv2" EffectPic="effect012" Description="Tăng hộ giáp" Pic="3" />
  <item ID="1441" Name="Hòn Kiến Lửa Lv3" EffectPic="effect012" Description="Tăng hộ giáp" Pic="3" />
  <item ID="1442" Name="Giảm sát thương phải chịu" EffectPic="effect007" Description="Giảm sát thương phải chịu" Pic="7" />
  <item ID="1443" Name="Giảm sát thương phải chịu" EffectPic="effect007" Description="Giảm sát thương phải chịu" Pic="7" />
  <item ID="1444" Name="Giảm sát thương phải chịu" EffectPic="effect007" Description="Giảm sát thương phải chịu" Pic="7" />
  <item ID="1445" Name="Càng Đánh Càng Mạnh Lv1" EffectPic="effect007" Description="Giảm sát thương phải chịu" Pic="7" />
  <item ID="1446" Name="Càng Đánh Càng Mạnh Lv2" EffectPic="effect007" Description="Giảm sát thương phải chịu" Pic="7" />
  <item ID="1447" Name="Gai Kiến Lv1" EffectPic="effect008" Description="Phản Sát Thương" Pic="-1" />
  <item ID="1448" Name="Gai Kiến Lv2" EffectPic="effect008" Description="Phản Sát Thương" Pic="-1" />
  <item ID="1449" Name="Kén Trùng Lv1" EffectPic="" Description="Tăng hộ giáp và phòng thủ" Pic="2" />
  <item ID="1450" Name="Kén Trùng Lv2" EffectPic="" Description="Tăng hộ giáp và phòng thủ" Pic="2" />
  <item ID="1451" Name="Kén Trùng Lv1" EffectPic="" Description="Tăng phòng thủ" Pic="-1" />
  <item ID="1452" Name="Kén Trùng Lv2" EffectPic="" Description="Tăng phòng thủ" Pic="-1" />
  <item ID="1453" Name="Phản Sát Thương" EffectPic="effect008" Description="" Pic="-1" />
  <item ID="1454" Name="Phản Sát Thương" EffectPic="effect008" Description="" Pic="-1" />
  <item ID="1455" Name="Hồi phục 5% HP" EffectPic="" Description="" Pic="-1" />
  <item ID="1456" Name="Hồi phục 15% HP" EffectPic="" Description="" Pic="-1" />
  <item ID="1457" Name="Nhận được 2 kỹ năng" EffectPic="" Description="" Pic="-1" />
  <item ID="1458" Name="Hồi phục ma pháp khi bị tấn công" EffectPic="" Description="" Pic="-1" />
  <item ID="1459" Name="Phản đòn 3% điểm sát thương" EffectPic="effect008" Description="" Pic="-1" />
  <item ID="1460" Name="Phản đòn 5% điểm sát thương" EffectPic="effect008" Description="" Pic="-1" />
  <item ID="1462" Name="Tấn công thú cưng" EffectPic="" Description="Thú cưng tấn công X% sát thương" Pic="-1" />
  <item ID="1463" Name="Thức-Sừng Rồng Sắc Nhọn" EffectPic="effect016" Description="Tấn công tăng 450, sát thương tăng 300" Pic="9" />
  <item ID="1464" Name="Thức-Sừng Rồng Sắc Nhọn" EffectPic="" Description="Sát thương tăng 300" Pic="-1" />
  <item ID="1465" Name="Thức-Hiệp Ước Tà Long" EffectPic="effect039" Description="Sát thương cơ bản tăng 30%, hộ giáp giảm 750, giới hạn HP tăng 15%" Pic="13" />
  <item ID="1466" Name="Hộ giáp giảm" EffectPic="" Description="Hộ giáp giảm 750." Pic="-1" />
  <item ID="1467" Name="Giới hạn HP tăng" EffectPic="" Description="Giới hạn HP tăng 15%" Pic="-1" />
  <item ID="1468" Name="Nhận kỹ năng" EffectPic="" Description="Khi bị tấn công hồi phục HP" Pic="-1" />
  <item ID="1469" Name="Thức-Rồng Bảo Vệ" EffectPic="effect037" Description="Khi bị tấn công có xác suất nhất định hồi HP" Pic="11" />
  <item ID="1470" Name="Hồi phục HP" EffectPic="effect033" Description="Hồi phục 4% HP" Pic="-1" />
  <item ID="1471" Name="Nhận kỹ năng" EffectPic="" Description="" Pic="-1" />
  <item ID="1473" Name="Tấn công thú cưng" EffectPic="" Description="Thú cưng tấn công X% sát thương" Pic="-1" />
  <item ID="1474" Name="Tấn công giảm 20%" EffectPic="" Description="Tấn công giảm 20%" Pic="-1" />
  <item ID="1475" Name="Phòng thủ giảm 20%" EffectPic="" Description="Phòng thủ giảm 20%" Pic="-1" />
  <item ID="1476" Name="Tỷ lệ bạo kích tăng 10%" EffectPic="" Description="Tỷ lệ bạo kích tăng 10%" Pic="-1" />
  <item ID="1477" Name="Giảm HP người chơi bị đánh trúng" EffectPic="" Description="Giảm HP người chơi bị đánh trúng" Pic="-1" />
  <item ID="1478" Name="Không thể di chuyển" EffectPic="effect062" Description="Không thể di chuyển" Pic="9" />
  <item ID="1479" Name="Nhận được 1 điểm ma pháp" EffectPic="" Description="Nhận được 1 điểm ma pháp" Pic="-1" />
  <item ID="1480" Name="Tấn công thú cưng" EffectPic="" Description="Thú cưng tấn công X% sát thương" Pic="-1" />
  <item ID="1481" Name="Tấn công thú cưng" EffectPic="" Description="Thú cưng tấn công X% sát thương" Pic="-1" />
  <item ID="1482" Name="Thức-Đạn Liệt Băng" EffectPic="effect011" Description="Tăng tấn công và sát thương." Pic="1" />
  <item ID="1483" Name="Đạn Liệt Băng" EffectPic="effect011" Description="Tăng sát thương." Pic="-1" />
  <item ID="1484" Name="Thức-Chắn Thủy Tinh" EffectPic="effect048" Description="Tỷ lệ giảm thương tăng 30%." Pic="8" />
  <item ID="1485" Name="Thức-Địa Ngục Băng Giá" EffectPic="" Description="Mỗi turn giảm HP 8%" Pic="14" />
  <item ID="1486" Name="Thức-Địa Ngục Băng Giá" EffectPic="effect049" Description="Tăng sát thương 800" Pic="1" />
  <item ID="1487" Name="Thức-Tấn Lôi" EffectPic="" Description="Tăng nhanh nhẹn 600" Pic="5" />
  <item ID="1488" Name="Thức-Tim Phụng Hoàng" EffectPic="" Description="Tăng tấn công 600" Pic="6" />
  <item ID="1489" Name="Thức-Nhất Kích Tất Sát" EffectPic="" Description="Tăng tấn công." Pic="1" />
  <item ID="1490" Name="Thức-Nhất Kích Tất Sát" EffectPic="" Description="Tăng sát thương." Pic="6" />
  <item ID="1491" Name="Thức-Nhất Kích Tất Sát" EffectPic="effect050" Description="Tăng tỷ lệ bạo kích." Pic="9" />
  <item ID="1492" Name="Dẫn đường" EffectPic="" Description="" Pic="-1" />
  <item ID="1493" Name="Hồi HP" EffectPic="" Description="Hồi phục HP." Pic="-1" />
  <item ID="1494" Name="Tấn công thú cưng" EffectPic="" Description="Thú cưng tấn công X% sát thương" Pic="-1" />
  <item ID="1495" Name="Thức-Nọc Độc" EffectPic="" Description="Sát thương giảm 25%" Pic="4" />
  <item ID="1496" Name="Thức-Kiệt Sức" EffectPic="effect063" Description="Tấn công và phòng thủ giảm 30%" Pic="9" />
  <item ID="1497" Name="Kiệt Sức Lv2" EffectPic="" Description="" Pic="-1" />
  <item ID="1498" Name="Thức-Cuồng Bạo" EffectPic="" Description="Mỗi turn giảm HP 6%" Pic="14" />
  <item ID="1499" Name="Thức-Cuồng Bạo" EffectPic="effect061" Description="Tỷ lệ bạo kích +80%, sát thương bạo kích +20%." Pic="6" />
  <item ID="1500" Name="Cuồng bạo Lv2" EffectPic="" Description="" Pic="-1" />
  <item ID="1501" Name="Quái Vật" EffectPic="" Description="Hộ giáp giảm, ma kháng giảm." Pic="7" />
  <item ID="1502" Name="Ngàn Năm" EffectPic="effect062" Description="Không thể di chuyển" Pic="9" />
  <item ID="1503" Name="Quái Vật Ngàn Năm" EffectPic="" Description="Ma kháng giảm" Pic="-1" />
  <item ID="1504" Name="Nhận kỹ năng" EffectPic="" Description="Nhận hiệu quả trúng độc" Pic="-1" />
  <item ID="1505" Name="Độc Trả Thù" EffectPic="" Description="Sát thương phải chịu tăng 10%" Pic="9" />
  <item ID="1506" Name="Tấn công thú cưng" EffectPic="" Description="Thú cưng tấn công X% sát thương" Pic="-1" />
  <item ID="1507" Name="Thức-Đào Tiên Vạn Năm" EffectPic="" Description="Tỷ lệ bạo kích tăng 25%" Pic="20" />
  <item ID="1508" Name="Giảm ma pháp" EffectPic="" Description="Giảm 20 điểm ma pháp" Pic="-1" />
  <item ID="1509" Name="Thức-Kim Cang" EffectPic="" Description="Giảm sát thương, xác suất miễn bị bạo kích" Pic="23" />
  <item ID="1510" Name="Miễn bị bạo kích" EffectPic="" Description="Miễn bị bạo kích" Pic="-1" />
  <item ID="1511" Name="Nhận kỹ năng" EffectPic="" Description="Nhận kỹ năng tăng sát thương" Pic="-1" />
  <item ID="1512" Name="Sát thương tăng" EffectPic="" Description="Tăng sát thương" Pic="-1" />
  <item ID="1513" Name="Khi chịu đòn chí mạng được hồi phục nộ khí" EffectPic="" Description="Khi chịu đòn chí mạng được tăng nộ khí" Pic="-1" />
  <item ID="1514" Name="Lông Vàng" EffectPic="effect082" Description="Khi chịu đòn chí mạng được hồi HP và tăng nộ khí" Pic="24" />
  <item ID="1515" Name="Dùng vật phẩm tăng ma pháp" EffectPic="" Description="Dùng đạo cụ chiến đấu tăng điểm ma pháp" Pic="-1" />
  <item ID="1516" Name="Sử dụng vật phẩm tăng nộ khí" EffectPic="" Description="Dùng đạo cụ chiến đấu tăng điểm nộ khí" Pic="-1" />
  <item ID="1517" Name="Thức-Hắc Nha" EffectPic="" Description="Hộ giáp +500, HP +8%" Pic="3" />
  <item ID="1518" Name="Thức-Hắc Nha" EffectPic="" Description="Tăng HP" Pic="-1" />
  <item ID="1519" Name="Thức-Hắc Nha" EffectPic="" Description="" Pic="-1" />
  <item ID="1520" Name="Nhận kỹ năng 139" EffectPic="" Description="" Pic="-1" />
  <item ID="1521" Name="Hiệu quả giải trừ" EffectPic="" Description="" Pic="-1" />
  <item ID="1999" Name="Nhận được 1 ma pháp" EffectPic="" Description="Nhận được 1 ma pháp" Pic="-1" />
  <item ID="2000" Name="血量增加300" EffectPic="" Description="" Pic="-1" />
  <item ID="2001" Name="护甲增加30" EffectPic="" Description="" Pic="-1" />
  <item ID="2002" Name="攻击+10" EffectPic="" Description="" Pic="-1" />
  <item ID="2003" Name="伤害+30" EffectPic="" Description="" Pic="-1" />
  <item ID="2004" Name="防御+50" EffectPic="" Description="" Pic="-1" />
  <item ID="2005" Name="敏捷+50" EffectPic="" Description="" Pic="-1" />
  <item ID="2006" Name="幸运+50" EffectPic="" Description="" Pic="-1" />
  <item ID="2007" Name="攻击+30" EffectPic="" Description="" Pic="-1" />
  <item ID="2008" Name="血量增加400" EffectPic="" Description="" Pic="-1" />
  <item ID="2009" Name="血量增加350" EffectPic="" Description="" Pic="-1" />
  <item ID="2010" Name="防御+15" EffectPic="" Description="" Pic="-1" />
  <item ID="2011" Name="防御+35" EffectPic="" Description="" Pic="-1" />
  <item ID="2012" Name="幸运+10" EffectPic="" Description="" Pic="-1" />
  <item ID="2013" Name="防御+20" EffectPic="" Description="" Pic="-1" />
  <item ID="2014" Name="敏捷+20" EffectPic="" Description="" Pic="-1" />
  <item ID="2015" Name="血量增加310" EffectPic="" Description="" Pic="-1" />
  <item ID="2016" Name="攻击+15" EffectPic="" Description="" Pic="-1" />
  <item ID="2017" Name="敏捷+40" EffectPic="" Description="" Pic="-1" />
  <item ID="2018" Name="降低被暴擊傷害5%" EffectPic="" Description="" Pic="-1" />
  <item ID="2019" Name="幸运+80" EffectPic="" Description="" Pic="-1" />
  <item ID="2020" Name="减5%减伤害" EffectPic="" Description="" Pic="-1" />
  <item ID="2021" Name="防御+40" EffectPic="" Description="" Pic="-1" />
  <item ID="2022" Name="攻击+50" EffectPic="" Description="" Pic="-1" />
  <item ID="2023" Name="攻击+5" EffectPic="" Description="" Pic="-1" />
  <item ID="2024" Name="防御+5" EffectPic="" Description="" Pic="-1" />
  <item ID="2025" Name="敏捷+5" EffectPic="" Description="" Pic="-1" />
  <item ID="2026" Name="幸运+5" EffectPic="" Description="" Pic="-1" />
  <item ID="2027" Name="血量增加100" EffectPic="" Description="" Pic="-1" />
  <item ID="2028" Name="血量增加200" EffectPic="" Description="" Pic="-1" />
  <item ID="2029" Name="攻击+10" EffectPic="" Description="" Pic="-1" />
  <item ID="2030" Name="防御+10" EffectPic="" Description="" Pic="-1" />
  <item ID="2031" Name="敏捷+10" EffectPic="" Description="" Pic="-1" />
  <item ID="2032" Name="幸运+10" EffectPic="" Description="" Pic="-1" />
  <item ID="2033" Name="减1%伤害" EffectPic="" Description="" Pic="-1" />
  <item ID="2034" Name="减2%伤害" EffectPic="" Description="" Pic="-1" />
  <item ID="2035" Name="敏捷+15" EffectPic="" Description="" Pic="-1" />
  <item ID="2036" Name="幸运+15" EffectPic="" Description="" Pic="-1" />
  <item ID="2436" Name="Sát thương toàn màn hình" EffectPic="" Description="Sát thương toàn màn hình" Pic="-1" />
  <item ID="2438" Name="Dùng vật phẩm tăng ma pháp" EffectPic="" Description="Dùng vật phẩm tăng ma pháp" Pic="-1" />
</Result>