<Result value="true" message="Success!">
  <item PetTemplateID="-1" KindID="1" GetType="1" SkillID="1" SkillBookID="-1" MinLevel="1" DeleteSkillIDs="" />
  <item PetTemplateID="-1" KindID="1" GetType="1" SkillID="2" SkillBookID="-1" MinLevel="5" DeleteSkillIDs="1," />
  <item PetTemplateID="-1" KindID="1" GetType="1" SkillID="3" SkillBookID="-1" MinLevel="15" DeleteSkillIDs="1,2," />
  <item PetTemplateID="-1" KindID="3" GetType="1" SkillID="7" SkillBookID="-1" MinLevel="1" DeleteSkillIDs="" />
  <item PetTemplateID="-1" KindID="3" GetType="1" SkillID="8" SkillBookID="-1" MinLevel="5" DeleteSkillIDs="7," />
  <item PetTemplateID="-1" KindID="3" GetType="1" SkillID="9" SkillBookID="-1" MinLevel="15" DeleteSkillIDs="7,8," />
  <item PetTemplateID="-1" KindID="4" GetType="1" SkillID="13" SkillBookID="-1" MinLevel="1" DeleteSkillIDs="" />
  <item PetTemplateID="-1" KindID="4" GetType="1" SkillID="14" SkillBookID="-1" MinLevel="5" DeleteSkillIDs="13," />
  <item PetTemplateID="-1" KindID="4" GetType="1" SkillID="15" SkillBookID="-1" MinLevel="15" DeleteSkillIDs="13,14," />
  <item PetTemplateID="-1" KindID="2" GetType="1" SkillID="19" SkillBookID="-1" MinLevel="1" DeleteSkillIDs="" />
  <item PetTemplateID="-1" KindID="2" GetType="1" SkillID="20" SkillBookID="-1" MinLevel="5" DeleteSkillIDs="19," />
  <item PetTemplateID="-1" KindID="2" GetType="1" SkillID="21" SkillBookID="-1" MinLevel="15" DeleteSkillIDs="19,20," />
  <item PetTemplateID="-1" KindID="1" GetType="1" SkillID="25" SkillBookID="-1" MinLevel="8" DeleteSkillIDs="" />
  <item PetTemplateID="-1" KindID="1" GetType="1" SkillID="26" SkillBookID="-1" MinLevel="17" DeleteSkillIDs="25," />
  <item PetTemplateID="-1" KindID="1" GetType="1" SkillID="27" SkillBookID="-1" MinLevel="25" DeleteSkillIDs="25,26," />
  <item PetTemplateID="-1" KindID="3" GetType="1" SkillID="28" SkillBookID="-1" MinLevel="8" DeleteSkillIDs="" />
  <item PetTemplateID="-1" KindID="3" GetType="1" SkillID="29" SkillBookID="-1" MinLevel="17" DeleteSkillIDs="28," />
  <item PetTemplateID="-1" KindID="3" GetType="1" SkillID="30" SkillBookID="-1" MinLevel="25" DeleteSkillIDs="28,29," />
  <item PetTemplateID="-1" KindID="4" GetType="1" SkillID="31" SkillBookID="-1" MinLevel="8" DeleteSkillIDs="" />
  <item PetTemplateID="-1" KindID="4" GetType="1" SkillID="32" SkillBookID="-1" MinLevel="17" DeleteSkillIDs="31," />
  <item PetTemplateID="-1" KindID="4" GetType="1" SkillID="33" SkillBookID="-1" MinLevel="25" DeleteSkillIDs="31,32," />
  <item PetTemplateID="-1" KindID="2" GetType="1" SkillID="34" SkillBookID="-1" MinLevel="8" DeleteSkillIDs="" />
  <item PetTemplateID="-1" KindID="2" GetType="1" SkillID="35" SkillBookID="-1" MinLevel="17" DeleteSkillIDs="34," />
  <item PetTemplateID="-1" KindID="2" GetType="1" SkillID="36" SkillBookID="-1" MinLevel="25" DeleteSkillIDs="34,35," />
  <item PetTemplateID="-1" KindID="1" GetType="1" SkillID="37" SkillBookID="-1" MinLevel="20" DeleteSkillIDs="" />
  <item PetTemplateID="-1" KindID="1" GetType="1" SkillID="38" SkillBookID="-1" MinLevel="27" DeleteSkillIDs="37," />
  <item PetTemplateID="-1" KindID="1" GetType="1" SkillID="39" SkillBookID="-1" MinLevel="33" DeleteSkillIDs="37,38," />
  <item PetTemplateID="-1" KindID="3" GetType="1" SkillID="40" SkillBookID="-1" MinLevel="20" DeleteSkillIDs="" />
  <item PetTemplateID="-1" KindID="3" GetType="1" SkillID="41" SkillBookID="-1" MinLevel="27" DeleteSkillIDs="40," />
  <item PetTemplateID="-1" KindID="3" GetType="1" SkillID="42" SkillBookID="-1" MinLevel="20" DeleteSkillIDs="" />
  <item PetTemplateID="-1" KindID="3" GetType="1" SkillID="43" SkillBookID="-1" MinLevel="33" DeleteSkillIDs="42," />
  <item PetTemplateID="-1" KindID="4" GetType="1" SkillID="44" SkillBookID="-1" MinLevel="20" DeleteSkillIDs="" />
  <item PetTemplateID="-1" KindID="4" GetType="1" SkillID="45" SkillBookID="-1" MinLevel="27" DeleteSkillIDs="44," />
  <item PetTemplateID="-1" KindID="4" GetType="1" SkillID="46" SkillBookID="-1" MinLevel="33" DeleteSkillIDs="44,45," />
  <item PetTemplateID="-1" KindID="2" GetType="1" SkillID="50" SkillBookID="-1" MinLevel="20" DeleteSkillIDs="" />
  <item PetTemplateID="-1" KindID="2" GetType="1" SkillID="51" SkillBookID="-1" MinLevel="27" DeleteSkillIDs="50," />
  <item PetTemplateID="-1" KindID="2" GetType="1" SkillID="52" SkillBookID="-1" MinLevel="33" DeleteSkillIDs="50,51," />
  <item PetTemplateID="-1" KindID="1" GetType="1" SkillID="56" SkillBookID="-1" MinLevel="23" DeleteSkillIDs="" />
  <item PetTemplateID="-1" KindID="1" GetType="1" SkillID="57" SkillBookID="-1" MinLevel="35" DeleteSkillIDs="56," />
  <item PetTemplateID="-1" KindID="3" GetType="1" SkillID="59" SkillBookID="-1" MinLevel="23" DeleteSkillIDs="" />
  <item PetTemplateID="-1" KindID="3" GetType="1" SkillID="60" SkillBookID="-1" MinLevel="35" DeleteSkillIDs="59," />
  <item PetTemplateID="-1" KindID="4" GetType="1" SkillID="61" SkillBookID="-1" MinLevel="23" DeleteSkillIDs="" />
  <item PetTemplateID="-1" KindID="4" GetType="1" SkillID="62" SkillBookID="-1" MinLevel="35" DeleteSkillIDs="61," />
  <item PetTemplateID="-1" KindID="2" GetType="1" SkillID="65" SkillBookID="-1" MinLevel="23" DeleteSkillIDs="" />
  <item PetTemplateID="-1" KindID="2" GetType="1" SkillID="66" SkillBookID="-1" MinLevel="35" DeleteSkillIDs="65," />
  <item PetTemplateID="-1" KindID="1" GetType="1" SkillID="69" SkillBookID="-1" MinLevel="29" DeleteSkillIDs="" />
  <item PetTemplateID="-1" KindID="1" GetType="1" SkillID="70" SkillBookID="-1" MinLevel="39" DeleteSkillIDs="69," />
  <item PetTemplateID="-1" KindID="3" GetType="1" SkillID="72" SkillBookID="-1" MinLevel="29" DeleteSkillIDs="" />
  <item PetTemplateID="-1" KindID="3" GetType="1" SkillID="73" SkillBookID="-1" MinLevel="39" DeleteSkillIDs="72," />
  <item PetTemplateID="-1" KindID="4" GetType="1" SkillID="74" SkillBookID="-1" MinLevel="29" DeleteSkillIDs="" />
  <item PetTemplateID="-1" KindID="4" GetType="1" SkillID="75" SkillBookID="-1" MinLevel="39" DeleteSkillIDs="74," />
  <item PetTemplateID="-1" KindID="2" GetType="1" SkillID="76" SkillBookID="-1" MinLevel="29" DeleteSkillIDs="" />
  <item PetTemplateID="-1" KindID="2" GetType="1" SkillID="77" SkillBookID="-1" MinLevel="39" DeleteSkillIDs="76," />
  <item PetTemplateID="-1" KindID="1" GetType="1" SkillID="78" SkillBookID="-1" MinLevel="37" DeleteSkillIDs="" />
  <item PetTemplateID="-1" KindID="1" GetType="1" SkillID="79" SkillBookID="-1" MinLevel="45" DeleteSkillIDs="78," />
  <item PetTemplateID="-1" KindID="3" GetType="1" SkillID="80" SkillBookID="-1" MinLevel="37" DeleteSkillIDs="" />
  <item PetTemplateID="-1" KindID="3" GetType="1" SkillID="81" SkillBookID="-1" MinLevel="45" DeleteSkillIDs="80," />
  <item PetTemplateID="-1" KindID="4" GetType="1" SkillID="82" SkillBookID="-1" MinLevel="37" DeleteSkillIDs="" />
  <item PetTemplateID="-1" KindID="4" GetType="1" SkillID="83" SkillBookID="-1" MinLevel="45" DeleteSkillIDs="82," />
  <item PetTemplateID="-1" KindID="2" GetType="1" SkillID="84" SkillBookID="-1" MinLevel="37" DeleteSkillIDs="" />
  <item PetTemplateID="-1" KindID="2" GetType="1" SkillID="85" SkillBookID="-1" MinLevel="45" DeleteSkillIDs="84," />
  <item PetTemplateID="-1" KindID="1" GetType="1" SkillID="86" SkillBookID="-1" MinLevel="43" DeleteSkillIDs="" />
  <item PetTemplateID="-1" KindID="1" GetType="1" SkillID="87" SkillBookID="-1" MinLevel="48" DeleteSkillIDs="86," />
  <item PetTemplateID="-1" KindID="3" GetType="1" SkillID="89" SkillBookID="-1" MinLevel="43" DeleteSkillIDs="" />
  <item PetTemplateID="-1" KindID="3" GetType="1" SkillID="90" SkillBookID="-1" MinLevel="48" DeleteSkillIDs="89," />
  <item PetTemplateID="-1" KindID="4" GetType="1" SkillID="91" SkillBookID="-1" MinLevel="43" DeleteSkillIDs="" />
  <item PetTemplateID="-1" KindID="4" GetType="1" SkillID="92" SkillBookID="-1" MinLevel="48" DeleteSkillIDs="91," />
  <item PetTemplateID="-1" KindID="2" GetType="1" SkillID="93" SkillBookID="-1" MinLevel="43" DeleteSkillIDs="" />
  <item PetTemplateID="-1" KindID="2" GetType="1" SkillID="94" SkillBookID="-1" MinLevel="48" DeleteSkillIDs="93," />
  <item PetTemplateID="-1" KindID="1" GetType="1" SkillID="95" SkillBookID="-1" MinLevel="50" DeleteSkillIDs="" />
  <item PetTemplateID="-1" KindID="3" GetType="1" SkillID="96" SkillBookID="-1" MinLevel="50" DeleteSkillIDs="" />
  <item PetTemplateID="-1" KindID="4" GetType="1" SkillID="97" SkillBookID="-1" MinLevel="50" DeleteSkillIDs="" />
  <item PetTemplateID="-1" KindID="2" GetType="1" SkillID="99" SkillBookID="-1" MinLevel="50" DeleteSkillIDs="" />
  <item PetTemplateID="-1" KindID="5" GetType="1" SkillID="100" SkillBookID="-1" MinLevel="1" DeleteSkillIDs="" />
  <item PetTemplateID="-1" KindID="5" GetType="1" SkillID="101" SkillBookID="-1" MinLevel="5" DeleteSkillIDs="100," />
  <item PetTemplateID="-1" KindID="5" GetType="1" SkillID="102" SkillBookID="-1" MinLevel="15" DeleteSkillIDs="100,101," />
  <item PetTemplateID="-1" KindID="5" GetType="1" SkillID="103" SkillBookID="-1" MinLevel="8" DeleteSkillIDs="" />
  <item PetTemplateID="-1" KindID="5" GetType="1" SkillID="104" SkillBookID="-1" MinLevel="17" DeleteSkillIDs="103," />
  <item PetTemplateID="-1" KindID="5" GetType="1" SkillID="105" SkillBookID="-1" MinLevel="25" DeleteSkillIDs="103,104," />
  <item PetTemplateID="-1" KindID="5" GetType="1" SkillID="106" SkillBookID="-1" MinLevel="20" DeleteSkillIDs="" />
  <item PetTemplateID="-1" KindID="5" GetType="1" SkillID="107" SkillBookID="-1" MinLevel="27" DeleteSkillIDs="106," />
  <item PetTemplateID="-1" KindID="5" GetType="1" SkillID="108" SkillBookID="-1" MinLevel="30" DeleteSkillIDs="" />
  <item PetTemplateID="-1" KindID="5" GetType="1" SkillID="109" SkillBookID="-1" MinLevel="38" DeleteSkillIDs="108," />
  <item PetTemplateID="-1" KindID="5" GetType="1" SkillID="110" SkillBookID="-1" MinLevel="33" DeleteSkillIDs="" />
  <item PetTemplateID="-1" KindID="5" GetType="1" SkillID="111" SkillBookID="-1" MinLevel="43" DeleteSkillIDs="110," />
  <item PetTemplateID="-1" KindID="5" GetType="1" SkillID="112" SkillBookID="-1" MinLevel="35" DeleteSkillIDs="" />
  <item PetTemplateID="-1" KindID="5" GetType="1" SkillID="113" SkillBookID="-1" MinLevel="45" DeleteSkillIDs="112," />
  <item PetTemplateID="-1" KindID="5" GetType="1" SkillID="114" SkillBookID="-1" MinLevel="40" DeleteSkillIDs="" />
  <item PetTemplateID="-1" KindID="5" GetType="1" SkillID="115" SkillBookID="-1" MinLevel="48" DeleteSkillIDs="114," />
  <item PetTemplateID="-1" KindID="5" GetType="1" SkillID="116" SkillBookID="-1" MinLevel="50" DeleteSkillIDs="" />
  <item PetTemplateID="-1" KindID="6" GetType="1" SkillID="121" SkillBookID="-1" MinLevel="1" DeleteSkillIDs="" />
  <item PetTemplateID="-1" KindID="6" GetType="1" SkillID="122" SkillBookID="-1" MinLevel="5" DeleteSkillIDs="121," />
  <item PetTemplateID="-1" KindID="6" GetType="1" SkillID="123" SkillBookID="-1" MinLevel="15" DeleteSkillIDs="121,122," />
  <item PetTemplateID="-1" KindID="6" GetType="1" SkillID="124" SkillBookID="-1" MinLevel="8" DeleteSkillIDs="" />
  <item PetTemplateID="-1" KindID="6" GetType="1" SkillID="125" SkillBookID="-1" MinLevel="17" DeleteSkillIDs="124," />
  <item PetTemplateID="-1" KindID="6" GetType="1" SkillID="126" SkillBookID="-1" MinLevel="25" DeleteSkillIDs="124,125," />
  <item PetTemplateID="-1" KindID="6" GetType="1" SkillID="127" SkillBookID="-1" MinLevel="20" DeleteSkillIDs="" />
  <item PetTemplateID="-1" KindID="6" GetType="1" SkillID="128" SkillBookID="-1" MinLevel="27" DeleteSkillIDs="127," />
  <item PetTemplateID="-1" KindID="6" GetType="1" SkillID="129" SkillBookID="-1" MinLevel="33" DeleteSkillIDs="127,128," />
  <item PetTemplateID="-1" KindID="6" GetType="1" SkillID="130" SkillBookID="-1" MinLevel="23" DeleteSkillIDs="" />
  <item PetTemplateID="-1" KindID="6" GetType="1" SkillID="131" SkillBookID="-1" MinLevel="35" DeleteSkillIDs="130," />
  <item PetTemplateID="-1" KindID="6" GetType="1" SkillID="132" SkillBookID="-1" MinLevel="29" DeleteSkillIDs="" />
  <item PetTemplateID="-1" KindID="6" GetType="1" SkillID="133" SkillBookID="-1" MinLevel="39" DeleteSkillIDs="132," />
  <item PetTemplateID="-1" KindID="6" GetType="1" SkillID="134" SkillBookID="-1" MinLevel="37" DeleteSkillIDs="" />
  <item PetTemplateID="-1" KindID="6" GetType="1" SkillID="135" SkillBookID="-1" MinLevel="45" DeleteSkillIDs="134," />
  <item PetTemplateID="-1" KindID="6" GetType="1" SkillID="136" SkillBookID="-1" MinLevel="43" DeleteSkillIDs="" />
  <item PetTemplateID="-1" KindID="6" GetType="1" SkillID="137" SkillBookID="-1" MinLevel="48" DeleteSkillIDs="136," />
  <item PetTemplateID="-1" KindID="6" GetType="1" SkillID="138" SkillBookID="-1" MinLevel="50" DeleteSkillIDs="" />
  <item PetTemplateID="-1" KindID="7" GetType="1" SkillID="140" SkillBookID="-1" MinLevel="1" DeleteSkillIDs="" />
  <item PetTemplateID="-1" KindID="7" GetType="1" SkillID="141" SkillBookID="-1" MinLevel="5" DeleteSkillIDs="140," />
  <item PetTemplateID="-1" KindID="7" GetType="1" SkillID="142" SkillBookID="-1" MinLevel="15" DeleteSkillIDs="140,141," />
  <item PetTemplateID="-1" KindID="7" GetType="1" SkillID="143" SkillBookID="-1" MinLevel="8" DeleteSkillIDs="" />
  <item PetTemplateID="-1" KindID="7" GetType="1" SkillID="144" SkillBookID="-1" MinLevel="17" DeleteSkillIDs="143," />
  <item PetTemplateID="-1" KindID="7" GetType="1" SkillID="145" SkillBookID="-1" MinLevel="25" DeleteSkillIDs="143,144," />
  <item PetTemplateID="-1" KindID="7" GetType="1" SkillID="146" SkillBookID="-1" MinLevel="20" DeleteSkillIDs="" />
  <item PetTemplateID="-1" KindID="7" GetType="1" SkillID="147" SkillBookID="-1" MinLevel="27" DeleteSkillIDs="146," />
  <item PetTemplateID="-1" KindID="7" GetType="1" SkillID="148" SkillBookID="-1" MinLevel="30" DeleteSkillIDs="" />
  <item PetTemplateID="-1" KindID="7" GetType="1" SkillID="149" SkillBookID="-1" MinLevel="38" DeleteSkillIDs="148," />
  <item PetTemplateID="-1" KindID="7" GetType="1" SkillID="150" SkillBookID="-1" MinLevel="33" DeleteSkillIDs="" />
  <item PetTemplateID="-1" KindID="7" GetType="1" SkillID="151" SkillBookID="-1" MinLevel="43" DeleteSkillIDs="150," />
  <item PetTemplateID="-1" KindID="7" GetType="1" SkillID="152" SkillBookID="-1" MinLevel="35" DeleteSkillIDs="" />
  <item PetTemplateID="-1" KindID="7" GetType="1" SkillID="153" SkillBookID="-1" MinLevel="45" DeleteSkillIDs="152," />
  <item PetTemplateID="-1" KindID="7" GetType="1" SkillID="154" SkillBookID="-1" MinLevel="40" DeleteSkillIDs="" />
  <item PetTemplateID="-1" KindID="7" GetType="1" SkillID="155" SkillBookID="-1" MinLevel="48" DeleteSkillIDs="154," />
  <item PetTemplateID="-1" KindID="7" GetType="1" SkillID="156" SkillBookID="-1" MinLevel="50" DeleteSkillIDs="" />
  <item PetTemplateID="-1" KindID="8" GetType="1" SkillID="157" SkillBookID="-1" MinLevel="1" DeleteSkillIDs="" />
  <item PetTemplateID="-1" KindID="8" GetType="1" SkillID="158" SkillBookID="-1" MinLevel="5" DeleteSkillIDs="157," />
  <item PetTemplateID="-1" KindID="8" GetType="1" SkillID="159" SkillBookID="-1" MinLevel="15" DeleteSkillIDs="157,158," />
  <item PetTemplateID="-1" KindID="8" GetType="1" SkillID="160" SkillBookID="-1" MinLevel="8" DeleteSkillIDs="" />
  <item PetTemplateID="-1" KindID="8" GetType="1" SkillID="161" SkillBookID="-1" MinLevel="17" DeleteSkillIDs="160," />
  <item PetTemplateID="-1" KindID="8" GetType="1" SkillID="162" SkillBookID="-1" MinLevel="25" DeleteSkillIDs="160,161," />
  <item PetTemplateID="-1" KindID="8" GetType="1" SkillID="163" SkillBookID="-1" MinLevel="20" DeleteSkillIDs="" />
  <item PetTemplateID="-1" KindID="8" GetType="1" SkillID="164" SkillBookID="-1" MinLevel="27" DeleteSkillIDs="163," />
  <item PetTemplateID="-1" KindID="8" GetType="1" SkillID="165" SkillBookID="-1" MinLevel="30" DeleteSkillIDs="163,164," />
  <item PetTemplateID="-1" KindID="8" GetType="1" SkillID="166" SkillBookID="-1" MinLevel="33" DeleteSkillIDs="" />
  <item PetTemplateID="-1" KindID="8" GetType="1" SkillID="167" SkillBookID="-1" MinLevel="38" DeleteSkillIDs="166," />
  <item PetTemplateID="-1" KindID="8" GetType="1" SkillID="168" SkillBookID="-1" MinLevel="35" DeleteSkillIDs="" />
  <item PetTemplateID="-1" KindID="8" GetType="1" SkillID="169" SkillBookID="-1" MinLevel="43" DeleteSkillIDs="168," />
  <item PetTemplateID="-1" KindID="8" GetType="1" SkillID="170" SkillBookID="-1" MinLevel="40" DeleteSkillIDs="" />
  <item PetTemplateID="-1" KindID="8" GetType="1" SkillID="171" SkillBookID="-1" MinLevel="45" DeleteSkillIDs="170," />
  <item PetTemplateID="-1" KindID="8" GetType="1" SkillID="172" SkillBookID="-1" MinLevel="48" DeleteSkillIDs="" />
  <item PetTemplateID="-1" KindID="8" GetType="1" SkillID="173" SkillBookID="-1" MinLevel="50" DeleteSkillIDs="172," />
  <item PetTemplateID="-1" KindID="8" GetType="1" SkillID="174" SkillBookID="-1" MinLevel="50" DeleteSkillIDs="" />
  <item PetTemplateID="-1" KindID="9" GetType="1" SkillID="175" SkillBookID="-1" MinLevel="1" DeleteSkillIDs="" />
  <item PetTemplateID="-1" KindID="9" GetType="1" SkillID="176" SkillBookID="-1" MinLevel="5" DeleteSkillIDs="175," />
  <item PetTemplateID="-1" KindID="9" GetType="1" SkillID="177" SkillBookID="-1" MinLevel="15" DeleteSkillIDs="175,176," />
  <item PetTemplateID="-1" KindID="9" GetType="1" SkillID="178" SkillBookID="-1" MinLevel="8" DeleteSkillIDs="" />
  <item PetTemplateID="-1" KindID="9" GetType="1" SkillID="179" SkillBookID="-1" MinLevel="17" DeleteSkillIDs="178," />
  <item PetTemplateID="-1" KindID="9" GetType="1" SkillID="180" SkillBookID="-1" MinLevel="25" DeleteSkillIDs="178,179," />
  <item PetTemplateID="-1" KindID="9" GetType="1" SkillID="181" SkillBookID="-1" MinLevel="20" DeleteSkillIDs="" />
  <item PetTemplateID="-1" KindID="9" GetType="1" SkillID="182" SkillBookID="-1" MinLevel="27" DeleteSkillIDs="181," />
  <item PetTemplateID="-1" KindID="9" GetType="1" SkillID="183" SkillBookID="-1" MinLevel="30" DeleteSkillIDs="" />
  <item PetTemplateID="-1" KindID="9" GetType="1" SkillID="184" SkillBookID="-1" MinLevel="33" DeleteSkillIDs="183," />
  <item PetTemplateID="-1" KindID="9" GetType="1" SkillID="185" SkillBookID="-1" MinLevel="38" DeleteSkillIDs="" />
  <item PetTemplateID="-1" KindID="9" GetType="1" SkillID="186" SkillBookID="-1" MinLevel="35" DeleteSkillIDs="185," />
  <item PetTemplateID="-1" KindID="9" GetType="1" SkillID="187" SkillBookID="-1" MinLevel="43" DeleteSkillIDs="" />
  <item PetTemplateID="-1" KindID="9" GetType="1" SkillID="188" SkillBookID="-1" MinLevel="40" DeleteSkillIDs="187," />
  <item PetTemplateID="-1" KindID="9" GetType="1" SkillID="189" SkillBookID="-1" MinLevel="45" DeleteSkillIDs="" />
  <item PetTemplateID="-1" KindID="9" GetType="1" SkillID="190" SkillBookID="-1" MinLevel="48" DeleteSkillIDs="189," />
  <item PetTemplateID="-1" KindID="9" GetType="1" SkillID="191" SkillBookID="-1" MinLevel="50" DeleteSkillIDs="" />
  <item PetTemplateID="-1" KindID="10" GetType="1" SkillID="194" SkillBookID="-1" MinLevel="15" DeleteSkillIDs="292,293," />
  <item PetTemplateID="-1" KindID="10" GetType="1" SkillID="195" SkillBookID="-1" MinLevel="8" DeleteSkillIDs="" />
  <item PetTemplateID="-1" KindID="10" GetType="1" SkillID="196" SkillBookID="-1" MinLevel="17" DeleteSkillIDs="195," />
  <item PetTemplateID="-1" KindID="10" GetType="1" SkillID="197" SkillBookID="-1" MinLevel="25" DeleteSkillIDs="195,196," />
  <item PetTemplateID="-1" KindID="10" GetType="1" SkillID="198" SkillBookID="-1" MinLevel="38" DeleteSkillIDs="" />
  <item PetTemplateID="-1" KindID="10" GetType="1" SkillID="199" SkillBookID="-1" MinLevel="45" DeleteSkillIDs="198," />
  <item PetTemplateID="-1" KindID="10" GetType="1" SkillID="200" SkillBookID="-1" MinLevel="30" DeleteSkillIDs="" />
  <item PetTemplateID="-1" KindID="10" GetType="1" SkillID="201" SkillBookID="-1" MinLevel="20" DeleteSkillIDs="" />
  <item PetTemplateID="-1" KindID="10" GetType="1" SkillID="202" SkillBookID="-1" MinLevel="27" DeleteSkillIDs="201," />
  <item PetTemplateID="-1" KindID="10" GetType="1" SkillID="203" SkillBookID="-1" MinLevel="33" DeleteSkillIDs="" />
  <item PetTemplateID="-1" KindID="10" GetType="1" SkillID="204" SkillBookID="-1" MinLevel="35" DeleteSkillIDs="203," />
  <item PetTemplateID="-1" KindID="10" GetType="1" SkillID="205" SkillBookID="-1" MinLevel="48" DeleteSkillIDs="203,204," />
  <item PetTemplateID="-1" KindID="10" GetType="1" SkillID="208" SkillBookID="-1" MinLevel="42" DeleteSkillIDs="" />
  <item PetTemplateID="-1" KindID="10" GetType="1" SkillID="209" SkillBookID="-1" MinLevel="50" DeleteSkillIDs="208," />
  <item PetTemplateID="-1" KindID="10" GetType="1" SkillID="212" SkillBookID="-1" MinLevel="22" DeleteSkillIDs="" />
  <item PetTemplateID="-1" KindID="10" GetType="1" SkillID="213" SkillBookID="-1" MinLevel="40" DeleteSkillIDs="212," />
  <item PetTemplateID="-1" KindID="11" GetType="1" SkillID="260" SkillBookID="-1" MinLevel="1" DeleteSkillIDs="" />
  <item PetTemplateID="-1" KindID="11" GetType="1" SkillID="261" SkillBookID="-1" MinLevel="5" DeleteSkillIDs="260," />
  <item PetTemplateID="-1" KindID="11" GetType="1" SkillID="262" SkillBookID="-1" MinLevel="15" DeleteSkillIDs="260,261," />
  <item PetTemplateID="-1" KindID="12" GetType="1" SkillID="263" SkillBookID="-1" MinLevel="8" DeleteSkillIDs="" />
  <item PetTemplateID="-1" KindID="12" GetType="1" SkillID="264" SkillBookID="-1" MinLevel="17" DeleteSkillIDs="263," />
  <item PetTemplateID="-1" KindID="12" GetType="1" SkillID="265" SkillBookID="-1" MinLevel="25" DeleteSkillIDs="263,264," />
  <item PetTemplateID="-1" KindID="11" GetType="1" SkillID="266" SkillBookID="-1" MinLevel="20" DeleteSkillIDs="" />
  <item PetTemplateID="-1" KindID="11" GetType="1" SkillID="267" SkillBookID="-1" MinLevel="27" DeleteSkillIDs="266," />
  <item PetTemplateID="-1" KindID="11" GetType="1" SkillID="268" SkillBookID="-1" MinLevel="30" DeleteSkillIDs="" />
  <item PetTemplateID="-1" KindID="11" GetType="1" SkillID="269" SkillBookID="-1" MinLevel="38" DeleteSkillIDs="268," />
  <item PetTemplateID="-1" KindID="11" GetType="1" SkillID="270" SkillBookID="-1" MinLevel="33" DeleteSkillIDs="" />
  <item PetTemplateID="-1" KindID="11" GetType="1" SkillID="271" SkillBookID="-1" MinLevel="43" DeleteSkillIDs="270," />
  <item PetTemplateID="-1" KindID="11" GetType="1" SkillID="272" SkillBookID="-1" MinLevel="35" DeleteSkillIDs="" />
  <item PetTemplateID="-1" KindID="11" GetType="1" SkillID="273" SkillBookID="-1" MinLevel="45" DeleteSkillIDs="272," />
  <item PetTemplateID="-1" KindID="11" GetType="1" SkillID="274" SkillBookID="-1" MinLevel="40" DeleteSkillIDs="" />
  <item PetTemplateID="-1" KindID="12" GetType="1" SkillID="275" SkillBookID="-1" MinLevel="50" DeleteSkillIDs="" />
  <item PetTemplateID="-1" KindID="12" GetType="1" SkillID="276" SkillBookID="-1" MinLevel="55" DeleteSkillIDs="275," />
  <item PetTemplateID="-1" KindID="12" GetType="1" SkillID="277" SkillBookID="-1" MinLevel="52" DeleteSkillIDs="" />
  <item PetTemplateID="-1" KindID="10" GetType="1" SkillID="292" SkillBookID="-1" MinLevel="1" DeleteSkillIDs="" />
  <item PetTemplateID="-1" KindID="10" GetType="1" SkillID="293" SkillBookID="-1" MinLevel="5" DeleteSkillIDs="292," />
  <item PetTemplateID="-1" KindID="11" GetType="1" SkillID="363" SkillBookID="-1" MinLevel="8" DeleteSkillIDs="" />
  <item PetTemplateID="-1" KindID="11" GetType="1" SkillID="364" SkillBookID="-1" MinLevel="17" DeleteSkillIDs="363," />
  <item PetTemplateID="-1" KindID="11" GetType="1" SkillID="365" SkillBookID="-1" MinLevel="25" DeleteSkillIDs="363,364," />
  <item PetTemplateID="-1" KindID="11" GetType="1" SkillID="375" SkillBookID="-1" MinLevel="50" DeleteSkillIDs="" />
  <item PetTemplateID="-1" KindID="11" GetType="1" SkillID="376" SkillBookID="-1" MinLevel="55" DeleteSkillIDs="375," />
  <item PetTemplateID="-1" KindID="11" GetType="1" SkillID="377" SkillBookID="-1" MinLevel="52" DeleteSkillIDs="" />
</Result>