<Result value="true" message="Success!">
  <item TemplateID="100101" Name="Gà Con" KindID="1" Description="Ưu điểm là có nhiều dạng công phòng, gặp địa hình thuận lợi sẽ phát huy uy lực." Pic="chicken" RareLevel="1" MP="100" StarLevel="1" GameAssetUrl="pet001" HighAgility="300" HighAgilityGrow="300" HighAttack="340" HighAttackGrow="340" HighBlood="15000" HighBloodGrow="2200" HighDamage="0" HighDamageGrow="0" HighDefence="400" HighDefenceGrow="400" HighGuard="0" HighGuardGrow="0" HighLuck="300" HighLuckGrow="300" />
  <item TemplateID="100102" Name="Gà Tí" KindID="1" Description="Ưu điểm là có nhiều dạng công phòng, gặp địa hình thuận lợi sẽ phát huy uy lực." Pic="chicken" RareLevel="1" MP="100" StarLevel="1" GameAssetUrl="pet002" HighAgility="300" HighAgilityGrow="450" HighAttack="340" HighAttackGrow="510" HighBlood="15000" HighBloodGrow="4400" HighDamage="0" HighDamageGrow="0" HighDefence="400" HighDefenceGrow="600" HighGuard="0" HighGuardGrow="0" HighLuck="300" HighLuckGrow="450" />
  <item TemplateID="100103" Name="Gà Chiến" KindID="1" Description="Ưu điểm là có nhiều dạng công phòng, gặp địa hình thuận lợi sẽ phát huy uy lực." Pic="chicken" RareLevel="1" MP="100" StarLevel="1" GameAssetUrl="pet003" HighAgility="300" HighAgilityGrow="675" HighAttack="340" HighAttackGrow="765" HighBlood="15000" HighBloodGrow="8800" HighDamage="0" HighDamageGrow="0" HighDefence="400" HighDefenceGrow="900" HighGuard="0" HighGuardGrow="0" HighLuck="300" HighLuckGrow="675" />
  <item TemplateID="100201" Name="Gà Con" KindID="1" Description="Ưu điểm là có nhiều dạng công phòng, gặp địa hình thuận lợi sẽ phát huy uy lực." Pic="chicken" RareLevel="2" MP="100" StarLevel="2" GameAssetUrl="pet001" HighAgility="330" HighAgilityGrow="330" HighAttack="360" HighAttackGrow="360" HighBlood="20000" HighBloodGrow="2550" HighDamage="0" HighDamageGrow="0" HighDefence="450" HighDefenceGrow="450" HighGuard="0" HighGuardGrow="0" HighLuck="330" HighLuckGrow="330" />
  <item TemplateID="100202" Name="Gà Tí" KindID="1" Description="Ưu điểm là có nhiều dạng công phòng, gặp địa hình thuận lợi sẽ phát huy uy lực." Pic="chicken" RareLevel="2" MP="100" StarLevel="2" GameAssetUrl="pet002" HighAgility="330" HighAgilityGrow="495" HighAttack="360" HighAttackGrow="540" HighBlood="20000" HighBloodGrow="5100" HighDamage="0" HighDamageGrow="0" HighDefence="450" HighDefenceGrow="675" HighGuard="0" HighGuardGrow="0" HighLuck="330" HighLuckGrow="495" />
  <item TemplateID="100203" Name="Gà Chiến" KindID="1" Description="Ưu điểm là có nhiều dạng công phòng, gặp địa hình thuận lợi sẽ phát huy uy lực." Pic="chicken" RareLevel="2" MP="100" StarLevel="2" GameAssetUrl="pet003" HighAgility="330" HighAgilityGrow="742" HighAttack="360" HighAttackGrow="810" HighBlood="20000" HighBloodGrow="10200" HighDamage="0" HighDamageGrow="0" HighDefence="450" HighDefenceGrow="1012" HighGuard="0" HighGuardGrow="0" HighLuck="330" HighLuckGrow="742" />
  <item TemplateID="100301" Name="Gà Con" KindID="1" Description="Ưu điểm là có nhiều dạng công phòng, gặp địa hình thuận lợi sẽ phát huy uy lực." Pic="chicken" RareLevel="3" MP="100" StarLevel="3" GameAssetUrl="pet001" HighAgility="440" HighAgilityGrow="440" HighAttack="470" HighAttackGrow="470" HighBlood="25000" HighBloodGrow="2900" HighDamage="0" HighDamageGrow="0" HighDefence="600" HighDefenceGrow="600" HighGuard="0" HighGuardGrow="0" HighLuck="440" HighLuckGrow="440" />
  <item TemplateID="100302" Name="Gà Tí" KindID="1" Description="Ưu điểm là có nhiều dạng công phòng, gặp địa hình thuận lợi sẽ phát huy uy lực." Pic="chicken" RareLevel="3" MP="100" StarLevel="3" GameAssetUrl="pet002" HighAgility="440" HighAgilityGrow="660" HighAttack="470" HighAttackGrow="705" HighBlood="25000" HighBloodGrow="5800" HighDamage="0" HighDamageGrow="0" HighDefence="600" HighDefenceGrow="900" HighGuard="0" HighGuardGrow="0" HighLuck="440" HighLuckGrow="660" />
  <item TemplateID="100303" Name="Gà Chiến" KindID="1" Description="Ưu điểm là có nhiều dạng công phòng, gặp địa hình thuận lợi sẽ phát huy uy lực." Pic="chicken" RareLevel="3" MP="100" StarLevel="3" GameAssetUrl="pet003" HighAgility="440" HighAgilityGrow="990" HighAttack="470" HighAttackGrow="1057" HighBlood="25000" HighBloodGrow="11600" HighDamage="0" HighDamageGrow="0" HighDefence="600" HighDefenceGrow="1350" HighGuard="0" HighGuardGrow="0" HighLuck="440" HighLuckGrow="990" />
  <item TemplateID="100304" Name="Gà Con" KindID="1" Description="Ưu điểm là có nhiều dạng công phòng, gặp địa hình thuận lợi sẽ phát huy uy lực." Pic="chicken" RareLevel="3" MP="100" StarLevel="3" GameAssetUrl="pet001" HighAgility="440" HighAgilityGrow="440" HighAttack="470" HighAttackGrow="470" HighBlood="25000" HighBloodGrow="2900" HighDamage="0" HighDamageGrow="0" HighDefence="600" HighDefenceGrow="600" HighGuard="0" HighGuardGrow="0" HighLuck="440" HighLuckGrow="440" />
  <item TemplateID="100401" Name="Gà Con" KindID="1" Description="Ưu điểm là có nhiều dạng công phòng, gặp địa hình thuận lợi sẽ phát huy uy lực." Pic="chicken" RareLevel="4" MP="100" StarLevel="4" GameAssetUrl="pet001" HighAgility="550" HighAgilityGrow="550" HighAttack="600" HighAttackGrow="600" HighBlood="30000" HighBloodGrow="3300" HighDamage="0" HighDamageGrow="0" HighDefence="750" HighDefenceGrow="750" HighGuard="0" HighGuardGrow="0" HighLuck="550" HighLuckGrow="550" />
  <item TemplateID="100402" Name="Gà Tí" KindID="1" Description="Ưu điểm là có nhiều dạng công phòng, gặp địa hình thuận lợi sẽ phát huy uy lực." Pic="chicken" RareLevel="4" MP="100" StarLevel="4" GameAssetUrl="pet002" HighAgility="550" HighAgilityGrow="825" HighAttack="600" HighAttackGrow="900" HighBlood="30000" HighBloodGrow="6600" HighDamage="0" HighDamageGrow="0" HighDefence="750" HighDefenceGrow="1125" HighGuard="0" HighGuardGrow="0" HighLuck="550" HighLuckGrow="825" />
  <item TemplateID="100403" Name="Gà Chiến" KindID="1" Description="Ưu điểm là có nhiều dạng công phòng, gặp địa hình thuận lợi sẽ phát huy uy lực." Pic="chicken" RareLevel="4" MP="100" StarLevel="4" GameAssetUrl="pet003" HighAgility="550" HighAgilityGrow="1237" HighAttack="600" HighAttackGrow="1350" HighBlood="30000" HighBloodGrow="13200" HighDamage="0" HighDamageGrow="0" HighDefence="750" HighDefenceGrow="1687" HighGuard="0" HighGuardGrow="0" HighLuck="550" HighLuckGrow="1237" />
  <item TemplateID="100501" Name="Gà Con" KindID="1" Description="Ưu điểm là có nhiều dạng công phòng, gặp địa hình thuận lợi sẽ phát huy uy lực." Pic="chicken" RareLevel="5" MP="100" StarLevel="5" GameAssetUrl="pet001" HighAgility="700" HighAgilityGrow="760" HighAttack="750" HighAttackGrow="760" HighBlood="40000" HighBloodGrow="4960" HighDamage="0" HighDamageGrow="0" HighDefence="950" HighDefenceGrow="1035" HighGuard="0" HighGuardGrow="0" HighLuck="700" HighLuckGrow="815" />
  <item TemplateID="100502" Name="Gà Tí" KindID="1" Description="Ưu điểm là có nhiều dạng công phòng, gặp địa hình thuận lợi sẽ phát huy uy lực." Pic="chicken" RareLevel="5" MP="100" StarLevel="5" GameAssetUrl="pet002" HighAgility="700" HighAgilityGrow="1090" HighAttack="750" HighAttackGrow="1090" HighBlood="40000" HighBloodGrow="8920" HighDamage="0" HighDamageGrow="0" HighDefence="950" HighDefenceGrow="1502" HighGuard="0" HighGuardGrow="0" HighLuck="700" HighLuckGrow="1172" />
  <item TemplateID="100503" Name="Gà Chiến" KindID="1" Description="Ưu điểm là có nhiều dạng công phòng, gặp địa hình thuận lợi sẽ phát huy uy lực." Pic="chicken" RareLevel="5" MP="100" StarLevel="5" GameAssetUrl="pet003" HighAgility="700" HighAgilityGrow="1585" HighAttack="750" HighAttackGrow="1585" HighBlood="40000" HighBloodGrow="16840" HighDamage="0" HighDamageGrow="0" HighDefence="950" HighDefenceGrow="2203" HighGuard="0" HighGuardGrow="0" HighLuck="700" HighLuckGrow="1708" />
  <item TemplateID="100601" Name="Gà Con Hung Dữ" KindID="1" Description="Ưu điểm là có nhiều dạng công phòng, gặp địa hình thuận lợi sẽ phát huy uy lực." Pic="rarechicken" RareLevel="4" MP="100" StarLevel="4" GameAssetUrl="pet004" HighAgility="550" HighAgilityGrow="550" HighAttack="600" HighAttackGrow="600" HighBlood="30000" HighBloodGrow="3300" HighDamage="0" HighDamageGrow="0" HighDefence="750" HighDefenceGrow="750" HighGuard="0" HighGuardGrow="0" HighLuck="550" HighLuckGrow="550" />
  <item TemplateID="100602" Name="Gà Phẫn Nộ" KindID="1" Description="Ưu điểm là có nhiều dạng công phòng, gặp địa hình thuận lợi sẽ phát huy uy lực." Pic="rarechicken" RareLevel="4" MP="100" StarLevel="4" GameAssetUrl="pet005" HighAgility="550" HighAgilityGrow="825" HighAttack="600" HighAttackGrow="900" HighBlood="30000" HighBloodGrow="6600" HighDamage="0" HighDamageGrow="0" HighDefence="750" HighDefenceGrow="1125" HighGuard="0" HighGuardGrow="0" HighLuck="550" HighLuckGrow="825" />
  <item TemplateID="100603" Name="Gà Du Kích" KindID="1" Description="Ưu điểm là có nhiều dạng công phòng, gặp địa hình thuận lợi sẽ phát huy uy lực." Pic="rarechicken" RareLevel="4" MP="100" StarLevel="4" GameAssetUrl="pet006" HighAgility="550" HighAgilityGrow="1237" HighAttack="600" HighAttackGrow="1350" HighBlood="30000" HighBloodGrow="13200" HighDamage="0" HighDamageGrow="0" HighDefence="750" HighDefenceGrow="1687" HighGuard="0" HighGuardGrow="0" HighLuck="550" HighLuckGrow="1237" />
  <item TemplateID="100701" Name="Gà Con Hung Dữ" KindID="1" Description="Ưu điểm là có nhiều dạng công phòng, gặp địa hình thuận lợi sẽ phát huy uy lực." Pic="rarechicken" RareLevel="5" MP="100" StarLevel="5" GameAssetUrl="pet004" HighAgility="700" HighAgilityGrow="760" HighAttack="750" HighAttackGrow="760" HighBlood="40000" HighBloodGrow="4960" HighDamage="0" HighDamageGrow="0" HighDefence="950" HighDefenceGrow="1035" HighGuard="0" HighGuardGrow="0" HighLuck="700" HighLuckGrow="815" />
  <item TemplateID="100702" Name="Gà Phẫn Nộ" KindID="1" Description="Ưu điểm là có nhiều dạng công phòng, gặp địa hình thuận lợi sẽ phát huy uy lực." Pic="rarechicken" RareLevel="5" MP="100" StarLevel="5" GameAssetUrl="pet005" HighAgility="700" HighAgilityGrow="1090" HighAttack="750" HighAttackGrow="1090" HighBlood="40000" HighBloodGrow="8920" HighDamage="0" HighDamageGrow="0" HighDefence="950" HighDefenceGrow="1502" HighGuard="0" HighGuardGrow="0" HighLuck="700" HighLuckGrow="1172" />
  <item TemplateID="100703" Name="Gà Du Kích" KindID="1" Description="Ưu điểm là có nhiều dạng công phòng, gặp địa hình thuận lợi sẽ phát huy uy lực." Pic="rarechicken" RareLevel="5" MP="100" StarLevel="5" GameAssetUrl="pet006" HighAgility="700" HighAgilityGrow="1585" HighAttack="750" HighAttackGrow="1585" HighBlood="40000" HighBloodGrow="16840" HighDamage="0" HighDamageGrow="0" HighDefence="950" HighDefenceGrow="2203" HighGuard="0" HighGuardGrow="0" HighLuck="700" HighLuckGrow="1708" />
  <item TemplateID="110101" Name="Kiến Xanh Nhỏ" KindID="2" Description="Có sở trường phòng ngự và phản kích, không sợ ai cả." Pic="Blueants" RareLevel="1" MP="100" StarLevel="1" GameAssetUrl="pet007" HighAgility="340" HighAgilityGrow="340" HighAttack="300" HighAttackGrow="300" HighBlood="15000" HighBloodGrow="2200" HighDamage="0" HighDamageGrow="0" HighDefence="400" HighDefenceGrow="400" HighGuard="0" HighGuardGrow="0" HighLuck="300" HighLuckGrow="300" />
  <item TemplateID="110102" Name="Kiến Lam" KindID="2" Description="Có sở trường phòng ngự và phản kích, không sợ ai cả." Pic="Blueants" RareLevel="1" MP="100" StarLevel="1" GameAssetUrl="pet008" HighAgility="340" HighAgilityGrow="510" HighAttack="300" HighAttackGrow="450" HighBlood="15000" HighBloodGrow="4400" HighDamage="0" HighDamageGrow="0" HighDefence="400" HighDefenceGrow="600" HighGuard="0" HighGuardGrow="0" HighLuck="300" HighLuckGrow="450" />
  <item TemplateID="110103" Name="Kỵ Sĩ Kiến Lam" KindID="2" Description="Có sở trường phòng ngự và phản kích, không sợ ai cả." Pic="Blueants" RareLevel="1" MP="100" StarLevel="1" GameAssetUrl="pet009" HighAgility="340" HighAgilityGrow="765" HighAttack="300" HighAttackGrow="675" HighBlood="15000" HighBloodGrow="8800" HighDamage="0" HighDamageGrow="0" HighDefence="400" HighDefenceGrow="900" HighGuard="0" HighGuardGrow="0" HighLuck="300" HighLuckGrow="675" />
  <item TemplateID="110201" Name="Kiến Xanh Nhỏ" KindID="2" Description="Có sở trường phòng ngự và phản kích, không sợ ai cả." Pic="Blueants" RareLevel="2" MP="100" StarLevel="2" GameAssetUrl="pet007" HighAgility="360" HighAgilityGrow="360" HighAttack="330" HighAttackGrow="330" HighBlood="20000" HighBloodGrow="2550" HighDamage="0" HighDamageGrow="0" HighDefence="450" HighDefenceGrow="450" HighGuard="0" HighGuardGrow="0" HighLuck="330" HighLuckGrow="330" />
  <item TemplateID="110202" Name="Kiến Lam" KindID="2" Description="Có sở trường phòng ngự và phản kích, không sợ ai cả." Pic="Blueants" RareLevel="2" MP="100" StarLevel="2" GameAssetUrl="pet008" HighAgility="360" HighAgilityGrow="540" HighAttack="330" HighAttackGrow="495" HighBlood="20000" HighBloodGrow="5100" HighDamage="0" HighDamageGrow="0" HighDefence="450" HighDefenceGrow="675" HighGuard="0" HighGuardGrow="0" HighLuck="330" HighLuckGrow="495" />
  <item TemplateID="110203" Name="Kỵ Sĩ Kiến Lam" KindID="2" Description="Có sở trường phòng ngự và phản kích, không sợ ai cả." Pic="Blueants" RareLevel="2" MP="100" StarLevel="2" GameAssetUrl="pet009" HighAgility="360" HighAgilityGrow="810" HighAttack="330" HighAttackGrow="742" HighBlood="20000" HighBloodGrow="10200" HighDamage="0" HighDamageGrow="0" HighDefence="450" HighDefenceGrow="1012" HighGuard="0" HighGuardGrow="0" HighLuck="330" HighLuckGrow="742" />
  <item TemplateID="110301" Name="Kiến Xanh Nhỏ" KindID="2" Description="Có sở trường phòng ngự và phản kích, không sợ ai cả." Pic="Blueants" RareLevel="3" MP="100" StarLevel="3" GameAssetUrl="pet007" HighAgility="470" HighAgilityGrow="470" HighAttack="440" HighAttackGrow="440" HighBlood="25000" HighBloodGrow="2900" HighDamage="0" HighDamageGrow="0" HighDefence="600" HighDefenceGrow="600" HighGuard="0" HighGuardGrow="0" HighLuck="440" HighLuckGrow="440" />
  <item TemplateID="110302" Name="Kiến Lam" KindID="2" Description="Có sở trường phòng ngự và phản kích, không sợ ai cả." Pic="Blueants" RareLevel="3" MP="100" StarLevel="3" GameAssetUrl="pet008" HighAgility="470" HighAgilityGrow="705" HighAttack="440" HighAttackGrow="660" HighBlood="25000" HighBloodGrow="5800" HighDamage="0" HighDamageGrow="0" HighDefence="600" HighDefenceGrow="900" HighGuard="0" HighGuardGrow="0" HighLuck="440" HighLuckGrow="660" />
  <item TemplateID="110303" Name="Kỵ Sĩ Kiến Lam" KindID="2" Description="Có sở trường phòng ngự và phản kích, không sợ ai cả." Pic="Blueants" RareLevel="3" MP="100" StarLevel="3" GameAssetUrl="pet009" HighAgility="470" HighAgilityGrow="1057" HighAttack="440" HighAttackGrow="990" HighBlood="25000" HighBloodGrow="11600" HighDamage="0" HighDamageGrow="0" HighDefence="600" HighDefenceGrow="1350" HighGuard="0" HighGuardGrow="0" HighLuck="440" HighLuckGrow="990" />
  <item TemplateID="110304" Name="Kiến Xanh Nhỏ" KindID="2" Description="Có sở trường phòng ngự và phản kích, không sợ ai cả." Pic="Blueants" RareLevel="3" MP="100" StarLevel="3" GameAssetUrl="pet007" HighAgility="470" HighAgilityGrow="470" HighAttack="440" HighAttackGrow="440" HighBlood="25000" HighBloodGrow="2900" HighDamage="0" HighDamageGrow="0" HighDefence="600" HighDefenceGrow="600" HighGuard="0" HighGuardGrow="0" HighLuck="440" HighLuckGrow="440" />
  <item TemplateID="110401" Name="Kiến Xanh Nhỏ" KindID="2" Description="Có sở trường phòng ngự và phản kích, không sợ ai cả." Pic="Blueants" RareLevel="4" MP="100" StarLevel="4" GameAssetUrl="pet007" HighAgility="600" HighAgilityGrow="600" HighAttack="550" HighAttackGrow="550" HighBlood="30000" HighBloodGrow="3300" HighDamage="0" HighDamageGrow="0" HighDefence="750" HighDefenceGrow="750" HighGuard="0" HighGuardGrow="0" HighLuck="550" HighLuckGrow="550" />
  <item TemplateID="110402" Name="Kiến Lam" KindID="2" Description="Có sở trường phòng ngự và phản kích, không sợ ai cả." Pic="Blueants" RareLevel="4" MP="100" StarLevel="4" GameAssetUrl="pet008" HighAgility="600" HighAgilityGrow="900" HighAttack="550" HighAttackGrow="825" HighBlood="30000" HighBloodGrow="6600" HighDamage="0" HighDamageGrow="0" HighDefence="750" HighDefenceGrow="1125" HighGuard="0" HighGuardGrow="0" HighLuck="550" HighLuckGrow="825" />
  <item TemplateID="110403" Name="Kỵ Sĩ Kiến Lam" KindID="2" Description="Có sở trường phòng ngự và phản kích, không sợ ai cả." Pic="Blueants" RareLevel="4" MP="100" StarLevel="4" GameAssetUrl="pet009" HighAgility="600" HighAgilityGrow="1350" HighAttack="550" HighAttackGrow="1237" HighBlood="30000" HighBloodGrow="13200" HighDamage="0" HighDamageGrow="0" HighDefence="750" HighDefenceGrow="1687" HighGuard="0" HighGuardGrow="0" HighLuck="550" HighLuckGrow="1237" />
  <item TemplateID="110501" Name="Kiến Xanh Nhỏ" KindID="2" Description="Có sở trường phòng ngự và phản kích, không sợ ai cả." Pic="Blueants" RareLevel="5" MP="100" StarLevel="5" GameAssetUrl="pet007" HighAgility="700" HighAgilityGrow="760" HighAttack="750" HighAttackGrow="760" HighBlood="40000" HighBloodGrow="4960" HighDamage="0" HighDamageGrow="0" HighDefence="950" HighDefenceGrow="1035" HighGuard="0" HighGuardGrow="0" HighLuck="700" HighLuckGrow="815" />
  <item TemplateID="110502" Name="Kiến Lam" KindID="2" Description="Có sở trường phòng ngự và phản kích, không sợ ai cả." Pic="Blueants" RareLevel="5" MP="100" StarLevel="5" GameAssetUrl="pet008" HighAgility="700" HighAgilityGrow="1090" HighAttack="750" HighAttackGrow="1090" HighBlood="40000" HighBloodGrow="8920" HighDamage="0" HighDamageGrow="0" HighDefence="950" HighDefenceGrow="1502" HighGuard="0" HighGuardGrow="0" HighLuck="700" HighLuckGrow="1172" />
  <item TemplateID="110503" Name="Kỵ Sĩ Kiến Lam" KindID="2" Description="Có sở trường phòng ngự và phản kích, không sợ ai cả." Pic="Blueants" RareLevel="5" MP="100" StarLevel="5" GameAssetUrl="pet009" HighAgility="700" HighAgilityGrow="1585" HighAttack="750" HighAttackGrow="1585" HighBlood="40000" HighBloodGrow="16840" HighDamage="0" HighDamageGrow="0" HighDefence="950" HighDefenceGrow="2203" HighGuard="0" HighGuardGrow="0" HighLuck="700" HighLuckGrow="1708" />
  <item TemplateID="110601" Name="Kiến Lửa Nhỏ" KindID="2" Description="Có sở trường phòng ngự và phản kích, không sợ ai cả." Pic="Redants" RareLevel="4" MP="100" StarLevel="4" GameAssetUrl="pet010" HighAgility="600" HighAgilityGrow="600" HighAttack="550" HighAttackGrow="550" HighBlood="30000" HighBloodGrow="3300" HighDamage="0" HighDamageGrow="0" HighDefence="750" HighDefenceGrow="750" HighGuard="0" HighGuardGrow="0" HighLuck="550" HighLuckGrow="550" />
  <item TemplateID="110602" Name="Kiến Đỏ" KindID="2" Description="Có sở trường phòng ngự và phản kích, không sợ ai cả." Pic="Redants" RareLevel="4" MP="100" StarLevel="4" GameAssetUrl="pet011" HighAgility="600" HighAgilityGrow="900" HighAttack="550" HighAttackGrow="825" HighBlood="30000" HighBloodGrow="6600" HighDamage="0" HighDamageGrow="0" HighDefence="750" HighDefenceGrow="1125" HighGuard="0" HighGuardGrow="0" HighLuck="550" HighLuckGrow="825" />
  <item TemplateID="110603" Name="Kỵ Sĩ Kiến Đỏ" KindID="2" Description="Có sở trường phòng ngự và phản kích, không sợ ai cả." Pic="Redants" RareLevel="4" MP="100" StarLevel="4" GameAssetUrl="pet012" HighAgility="600" HighAgilityGrow="1350" HighAttack="550" HighAttackGrow="1237" HighBlood="30000" HighBloodGrow="13200" HighDamage="0" HighDamageGrow="0" HighDefence="750" HighDefenceGrow="1687" HighGuard="0" HighGuardGrow="0" HighLuck="550" HighLuckGrow="1237" />
  <item TemplateID="110701" Name="Kiến Lửa Nhỏ" KindID="2" Description="Có sở trường phòng ngự và phản kích, không sợ ai cả." Pic="Redants" RareLevel="5" MP="100" StarLevel="5" GameAssetUrl="pet010" HighAgility="700" HighAgilityGrow="760" HighAttack="750" HighAttackGrow="760" HighBlood="40000" HighBloodGrow="4960" HighDamage="0" HighDamageGrow="0" HighDefence="950" HighDefenceGrow="1035" HighGuard="0" HighGuardGrow="0" HighLuck="700" HighLuckGrow="815" />
  <item TemplateID="110702" Name="Kiến Đỏ" KindID="2" Description="Có sở trường phòng ngự và phản kích, không sợ ai cả." Pic="Redants" RareLevel="5" MP="100" StarLevel="5" GameAssetUrl="pet011" HighAgility="700" HighAgilityGrow="1090" HighAttack="750" HighAttackGrow="1090" HighBlood="40000" HighBloodGrow="8920" HighDamage="0" HighDamageGrow="0" HighDefence="950" HighDefenceGrow="1502" HighGuard="0" HighGuardGrow="0" HighLuck="700" HighLuckGrow="1172" />
  <item TemplateID="110703" Name="Kỵ Sĩ Kiến Đỏ" KindID="2" Description="Có sở trường phòng ngự và phản kích, không sợ ai cả." Pic="Redants" RareLevel="5" MP="100" StarLevel="5" GameAssetUrl="pet012" HighAgility="700" HighAgilityGrow="1585" HighAttack="750" HighAttackGrow="1585" HighBlood="40000" HighBloodGrow="16840" HighDamage="0" HighDamageGrow="0" HighDefence="950" HighDefenceGrow="2203" HighGuard="0" HighGuardGrow="0" HighLuck="700" HighLuckGrow="1708" />
  <item TemplateID="120101" Name="Đấu Sĩ" KindID="3" Description="Có thể tăng lực chiến đấu của đồng đội và bản thân, có khả năng hồi phục HP." Pic="Bluegoopop" RareLevel="1" MP="100" StarLevel="1" GameAssetUrl="pet013" HighAgility="320" HighAgilityGrow="320" HighAttack="320" HighAttackGrow="320" HighBlood="15000" HighBloodGrow="2200" HighDamage="0" HighDamageGrow="0" HighDefence="380" HighDefenceGrow="380" HighGuard="0" HighGuardGrow="0" HighLuck="320" HighLuckGrow="320" />
  <item TemplateID="120102" Name="Gà Thủy Thủ" KindID="3" Description="Có thể tăng lực chiến đấu của đồng đội và bản thân, có khả năng hồi phục HP." Pic="Bluegoopop" RareLevel="1" MP="100" StarLevel="1" GameAssetUrl="pet014" HighAgility="320" HighAgilityGrow="480" HighAttack="320" HighAttackGrow="480" HighBlood="15000" HighBloodGrow="4400" HighDamage="0" HighDamageGrow="0" HighDefence="380" HighDefenceGrow="570" HighGuard="0" HighGuardGrow="0" HighLuck="320" HighLuckGrow="480" />
  <item TemplateID="120103" Name="Gà Thuyền Phó" KindID="3" Description="Có thể tăng lực chiến đấu của đồng đội và bản thân, có khả năng hồi phục HP." Pic="Bluegoopop" RareLevel="1" MP="100" StarLevel="1" GameAssetUrl="pet015" HighAgility="320" HighAgilityGrow="720" HighAttack="320" HighAttackGrow="720" HighBlood="15000" HighBloodGrow="8800" HighDamage="0" HighDamageGrow="0" HighDefence="380" HighDefenceGrow="855" HighGuard="0" HighGuardGrow="0" HighLuck="320" HighLuckGrow="720" />
  <item TemplateID="120201" Name="Đấu Sĩ" KindID="3" Description="Có thể tăng lực chiến đấu của đồng đội và bản thân, có khả năng hồi phục HP." Pic="Bluegoopop" RareLevel="2" MP="100" StarLevel="2" GameAssetUrl="pet013" HighAgility="350" HighAgilityGrow="350" HighAttack="350" HighAttackGrow="350" HighBlood="20000" HighBloodGrow="2550" HighDamage="0" HighDamageGrow="0" HighDefence="410" HighDefenceGrow="410" HighGuard="0" HighGuardGrow="0" HighLuck="350" HighLuckGrow="350" />
  <item TemplateID="120202" Name="Gà Thủy Thủ" KindID="3" Description="Có thể tăng lực chiến đấu của đồng đội và bản thân, có khả năng hồi phục HP." Pic="Bluegoopop" RareLevel="2" MP="100" StarLevel="2" GameAssetUrl="pet014" HighAgility="350" HighAgilityGrow="525" HighAttack="350" HighAttackGrow="525" HighBlood="20000" HighBloodGrow="5100" HighDamage="0" HighDamageGrow="0" HighDefence="410" HighDefenceGrow="615" HighGuard="0" HighGuardGrow="0" HighLuck="350" HighLuckGrow="525" />
  <item TemplateID="120203" Name="Gà Thuyền Phó" KindID="3" Description="Có thể tăng lực chiến đấu của đồng đội và bản thân, có khả năng hồi phục HP." Pic="Bluegoopop" RareLevel="2" MP="100" StarLevel="2" GameAssetUrl="pet015" HighAgility="350" HighAgilityGrow="787" HighAttack="350" HighAttackGrow="787" HighBlood="20000" HighBloodGrow="10200" HighDamage="0" HighDamageGrow="0" HighDefence="410" HighDefenceGrow="922" HighGuard="0" HighGuardGrow="0" HighLuck="350" HighLuckGrow="787" />
  <item TemplateID="120301" Name="Đấu Sĩ" KindID="3" Description="Có thể tăng lực chiến đấu của đồng đội và bản thân, có khả năng hồi phục HP." Pic="Bluegoopop" RareLevel="3" MP="100" StarLevel="3" GameAssetUrl="pet013" HighAgility="450" HighAgilityGrow="450" HighAttack="450" HighAttackGrow="450" HighBlood="25000" HighBloodGrow="2900" HighDamage="0" HighDamageGrow="0" HighDefence="600" HighDefenceGrow="600" HighGuard="0" HighGuardGrow="0" HighLuck="450" HighLuckGrow="450" />
  <item TemplateID="120302" Name="Gà Thủy Thủ" KindID="3" Description="Có thể tăng lực chiến đấu của đồng đội và bản thân, có khả năng hồi phục HP." Pic="Bluegoopop" RareLevel="3" MP="100" StarLevel="3" GameAssetUrl="pet014" HighAgility="450" HighAgilityGrow="675" HighAttack="450" HighAttackGrow="675" HighBlood="25000" HighBloodGrow="5800" HighDamage="0" HighDamageGrow="0" HighDefence="600" HighDefenceGrow="900" HighGuard="0" HighGuardGrow="0" HighLuck="450" HighLuckGrow="675" />
  <item TemplateID="120303" Name="Gà Thuyền Phó" KindID="3" Description="Có thể tăng lực chiến đấu của đồng đội và bản thân, có khả năng hồi phục HP." Pic="Bluegoopop" RareLevel="3" MP="100" StarLevel="3" GameAssetUrl="pet015" HighAgility="450" HighAgilityGrow="1012" HighAttack="450" HighAttackGrow="1012" HighBlood="25000" HighBloodGrow="11600" HighDamage="0" HighDamageGrow="0" HighDefence="600" HighDefenceGrow="1350" HighGuard="0" HighGuardGrow="0" HighLuck="450" HighLuckGrow="1012" />
  <item TemplateID="120304" Name="Đấu Sĩ" KindID="3" Description="Có thể tăng lực chiến đấu của đồng đội và bản thân, có khả năng hồi phục HP." Pic="Bluegoopop" RareLevel="3" MP="100" StarLevel="3" GameAssetUrl="pet013" HighAgility="450" HighAgilityGrow="450" HighAttack="450" HighAttackGrow="450" HighBlood="25000" HighBloodGrow="2900" HighDamage="0" HighDamageGrow="0" HighDefence="600" HighDefenceGrow="600" HighGuard="0" HighGuardGrow="0" HighLuck="450" HighLuckGrow="450" />
  <item TemplateID="120401" Name="Đấu Sĩ" KindID="3" Description="Có thể tăng lực chiến đấu của đồng đội và bản thân, có khả năng hồi phục HP." Pic="Bluegoopop" RareLevel="4" MP="100" StarLevel="4" GameAssetUrl="pet013" HighAgility="550" HighAgilityGrow="550" HighAttack="550" HighAttackGrow="550" HighBlood="30000" HighBloodGrow="3300" HighDamage="0" HighDamageGrow="0" HighDefence="800" HighDefenceGrow="800" HighGuard="0" HighGuardGrow="0" HighLuck="550" HighLuckGrow="550" />
  <item TemplateID="120402" Name="Gà Thủy Thủ" KindID="3" Description="Có thể tăng lực chiến đấu của đồng đội và bản thân, có khả năng hồi phục HP." Pic="Bluegoopop" RareLevel="4" MP="100" StarLevel="4" GameAssetUrl="pet014" HighAgility="550" HighAgilityGrow="825" HighAttack="550" HighAttackGrow="825" HighBlood="30000" HighBloodGrow="6600" HighDamage="0" HighDamageGrow="0" HighDefence="800" HighDefenceGrow="1200" HighGuard="0" HighGuardGrow="0" HighLuck="550" HighLuckGrow="825" />
  <item TemplateID="120403" Name="Gà Thuyền Phó" KindID="3" Description="Có thể tăng lực chiến đấu của đồng đội và bản thân, có khả năng hồi phục HP." Pic="Bluegoopop" RareLevel="4" MP="100" StarLevel="4" GameAssetUrl="pet015" HighAgility="550" HighAgilityGrow="1237" HighAttack="550" HighAttackGrow="1237" HighBlood="30000" HighBloodGrow="13200" HighDamage="0" HighDamageGrow="0" HighDefence="800" HighDefenceGrow="1800" HighGuard="0" HighGuardGrow="0" HighLuck="550" HighLuckGrow="1237" />
  <item TemplateID="120501" Name="Đấu Sĩ" KindID="3" Description="Có thể tăng lực chiến đấu của đồng đội và bản thân, có khả năng hồi phục HP." Pic="Bluegoopop" RareLevel="5" MP="100" StarLevel="5" GameAssetUrl="pet013" HighAgility="700" HighAgilityGrow="760" HighAttack="750" HighAttackGrow="760" HighBlood="40000" HighBloodGrow="4960" HighDamage="0" HighDamageGrow="0" HighDefence="950" HighDefenceGrow="1035" HighGuard="0" HighGuardGrow="0" HighLuck="700" HighLuckGrow="815" />
  <item TemplateID="120502" Name="Gà Thủy Thủ" KindID="3" Description="Có thể tăng lực chiến đấu của đồng đội và bản thân, có khả năng hồi phục HP." Pic="Bluegoopop" RareLevel="5" MP="100" StarLevel="5" GameAssetUrl="pet014" HighAgility="700" HighAgilityGrow="1090" HighAttack="750" HighAttackGrow="1090" HighBlood="40000" HighBloodGrow="8920" HighDamage="0" HighDamageGrow="0" HighDefence="950" HighDefenceGrow="1502" HighGuard="0" HighGuardGrow="0" HighLuck="700" HighLuckGrow="1172" />
  <item TemplateID="120503" Name="Gà Thuyền Phó" KindID="3" Description="Có thể tăng lực chiến đấu của đồng đội và bản thân, có khả năng hồi phục HP." Pic="Bluegoopop" RareLevel="5" MP="100" StarLevel="5" GameAssetUrl="pet015" HighAgility="700" HighAgilityGrow="1585" HighAttack="750" HighAttackGrow="1585" HighBlood="40000" HighBloodGrow="16840" HighDamage="0" HighDamageGrow="0" HighDefence="950" HighDefenceGrow="2203" HighGuard="0" HighGuardGrow="0" HighLuck="700" HighLuckGrow="1708" />
  <item TemplateID="120601" Name="Đấu Sĩ Hiếm" KindID="3" Description="Có thể tăng lực chiến đấu của đồng đội và bản thân, có khả năng hồi phục HP." Pic="Redgoopop" RareLevel="4" MP="100" StarLevel="4" GameAssetUrl="pet016" HighAgility="550" HighAgilityGrow="550" HighAttack="550" HighAttackGrow="550" HighBlood="30000" HighBloodGrow="3300" HighDamage="0" HighDamageGrow="0" HighDefence="800" HighDefenceGrow="800" HighGuard="0" HighGuardGrow="0" HighLuck="550" HighLuckGrow="550" />
  <item TemplateID="120602" Name="Gà Phú Ông" KindID="3" Description="Có thể tăng lực chiến đấu của đồng đội và bản thân, có khả năng hồi phục HP." Pic="Redgoopop" RareLevel="4" MP="100" StarLevel="4" GameAssetUrl="pet017" HighAgility="550" HighAgilityGrow="825" HighAttack="550" HighAttackGrow="825" HighBlood="30000" HighBloodGrow="6600" HighDamage="0" HighDamageGrow="0" HighDefence="800" HighDefenceGrow="1200" HighGuard="0" HighGuardGrow="0" HighLuck="550" HighLuckGrow="825" />
  <item TemplateID="120603" Name="Gà Thần Đèn" KindID="3" Description="Có thể tăng lực chiến đấu của đồng đội và bản thân, có khả năng hồi phục HP." Pic="Redgoopop" RareLevel="4" MP="100" StarLevel="4" GameAssetUrl="pet018" HighAgility="550" HighAgilityGrow="1237" HighAttack="550" HighAttackGrow="1237" HighBlood="30000" HighBloodGrow="13200" HighDamage="0" HighDamageGrow="0" HighDefence="800" HighDefenceGrow="1800" HighGuard="0" HighGuardGrow="0" HighLuck="550" HighLuckGrow="1237" />
  <item TemplateID="120701" Name="Đấu Sĩ Hiếm" KindID="3" Description="Có thể tăng lực chiến đấu của đồng đội và bản thân, có khả năng hồi phục HP." Pic="Redgoopop" RareLevel="5" MP="100" StarLevel="5" GameAssetUrl="pet016" HighAgility="700" HighAgilityGrow="760" HighAttack="750" HighAttackGrow="760" HighBlood="40000" HighBloodGrow="4960" HighDamage="0" HighDamageGrow="0" HighDefence="950" HighDefenceGrow="1035" HighGuard="0" HighGuardGrow="0" HighLuck="700" HighLuckGrow="815" />
  <item TemplateID="120702" Name="Gà Phú Ông" KindID="3" Description="Có thể tăng lực chiến đấu của đồng đội và bản thân, có khả năng hồi phục HP." Pic="Redgoopop" RareLevel="5" MP="100" StarLevel="5" GameAssetUrl="pet017" HighAgility="700" HighAgilityGrow="1090" HighAttack="750" HighAttackGrow="1090" HighBlood="40000" HighBloodGrow="8920" HighDamage="0" HighDamageGrow="0" HighDefence="950" HighDefenceGrow="1502" HighGuard="0" HighGuardGrow="0" HighLuck="700" HighLuckGrow="1172" />
  <item TemplateID="120703" Name="Gà Thần Đèn" KindID="3" Description="Có thể tăng lực chiến đấu của đồng đội và bản thân, có khả năng hồi phục HP." Pic="Redgoopop" RareLevel="5" MP="100" StarLevel="5" GameAssetUrl="pet018" HighAgility="700" HighAgilityGrow="1585" HighAttack="750" HighAttackGrow="1585" HighBlood="40000" HighBloodGrow="16840" HighDamage="0" HighDamageGrow="0" HighDefence="950" HighDefenceGrow="2203" HighGuard="0" HighGuardGrow="0" HighLuck="700" HighLuckGrow="1708" />
  <item TemplateID="130101" Name="Mầm Xanh" KindID="4" Description="Có nhiều loại kỹ năng hồi phục, bảo vệ bản thân và đồng đội." Pic="flowers" RareLevel="1" MP="100" StarLevel="1" GameAssetUrl="pet019" HighAgility="300" HighAgilityGrow="300" HighAttack="300" HighAttackGrow="300" HighBlood="15000" HighBloodGrow="2200" HighDamage="0" HighDamageGrow="0" HighDefence="400" HighDefenceGrow="400" HighGuard="0" HighGuardGrow="0" HighLuck="340" HighLuckGrow="340" />
  <item TemplateID="130102" Name="Cỏ Ma" KindID="4" Description="Có nhiều loại kỹ năng hồi phục, bảo vệ bản thân và đồng đội." Pic="flowers" RareLevel="1" MP="100" StarLevel="1" GameAssetUrl="pet020" HighAgility="300" HighAgilityGrow="450" HighAttack="300" HighAttackGrow="450" HighBlood="15000" HighBloodGrow="4400" HighDamage="0" HighDamageGrow="0" HighDefence="400" HighDefenceGrow="600" HighGuard="0" HighGuardGrow="0" HighLuck="340" HighLuckGrow="510" />
  <item TemplateID="130103" Name="Hoa Ma" KindID="4" Description="Có nhiều loại kỹ năng hồi phục, bảo vệ bản thân và đồng đội." Pic="flowers" RareLevel="1" MP="100" StarLevel="1" GameAssetUrl="pet021" HighAgility="300" HighAgilityGrow="675" HighAttack="300" HighAttackGrow="675" HighBlood="15000" HighBloodGrow="8800" HighDamage="0" HighDamageGrow="0" HighDefence="400" HighDefenceGrow="900" HighGuard="0" HighGuardGrow="0" HighLuck="340" HighLuckGrow="765" />
  <item TemplateID="130201" Name="Mầm Xanh" KindID="4" Description="Có nhiều loại kỹ năng hồi phục, bảo vệ bản thân và đồng đội." Pic="flowers" RareLevel="2" MP="100" StarLevel="2" GameAssetUrl="pet019" HighAgility="330" HighAgilityGrow="330" HighAttack="330" HighAttackGrow="330" HighBlood="20000" HighBloodGrow="2550" HighDamage="0" HighDamageGrow="0" HighDefence="450" HighDefenceGrow="450" HighGuard="0" HighGuardGrow="0" HighLuck="360" HighLuckGrow="360" />
  <item TemplateID="130202" Name="Cỏ Ma" KindID="4" Description="Có nhiều loại kỹ năng hồi phục, bảo vệ bản thân và đồng đội." Pic="flowers" RareLevel="2" MP="100" StarLevel="2" GameAssetUrl="pet020" HighAgility="330" HighAgilityGrow="495" HighAttack="330" HighAttackGrow="495" HighBlood="20000" HighBloodGrow="5100" HighDamage="0" HighDamageGrow="0" HighDefence="450" HighDefenceGrow="675" HighGuard="0" HighGuardGrow="0" HighLuck="360" HighLuckGrow="540" />
  <item TemplateID="130203" Name="Hoa Ma" KindID="4" Description="Có nhiều loại kỹ năng hồi phục, bảo vệ bản thân và đồng đội." Pic="flowers" RareLevel="2" MP="100" StarLevel="2" GameAssetUrl="pet021" HighAgility="330" HighAgilityGrow="742" HighAttack="330" HighAttackGrow="742" HighBlood="20000" HighBloodGrow="10200" HighDamage="0" HighDamageGrow="0" HighDefence="450" HighDefenceGrow="1012" HighGuard="0" HighGuardGrow="0" HighLuck="360" HighLuckGrow="810" />
  <item TemplateID="130301" Name="Mầm Xanh" KindID="4" Description="Có nhiều loại kỹ năng hồi phục, bảo vệ bản thân và đồng đội." Pic="flowers" RareLevel="3" MP="100" StarLevel="3" GameAssetUrl="pet019" HighAgility="440" HighAgilityGrow="440" HighAttack="440" HighAttackGrow="440" HighBlood="25000" HighBloodGrow="2900" HighDamage="0" HighDamageGrow="0" HighDefence="600" HighDefenceGrow="600" HighGuard="0" HighGuardGrow="0" HighLuck="470" HighLuckGrow="470" />
  <item TemplateID="130302" Name="Cỏ Ma" KindID="4" Description="Có nhiều loại kỹ năng hồi phục, bảo vệ bản thân và đồng đội." Pic="flowers" RareLevel="3" MP="100" StarLevel="3" GameAssetUrl="pet020" HighAgility="440" HighAgilityGrow="660" HighAttack="440" HighAttackGrow="660" HighBlood="25000" HighBloodGrow="5800" HighDamage="0" HighDamageGrow="0" HighDefence="600" HighDefenceGrow="900" HighGuard="0" HighGuardGrow="0" HighLuck="470" HighLuckGrow="705" />
  <item TemplateID="130303" Name="Hoa Ma" KindID="4" Description="Có nhiều loại kỹ năng hồi phục, bảo vệ bản thân và đồng đội." Pic="flowers" RareLevel="3" MP="100" StarLevel="3" GameAssetUrl="pet021" HighAgility="440" HighAgilityGrow="990" HighAttack="440" HighAttackGrow="990" HighBlood="25000" HighBloodGrow="11600" HighDamage="0" HighDamageGrow="0" HighDefence="600" HighDefenceGrow="1350" HighGuard="0" HighGuardGrow="0" HighLuck="470" HighLuckGrow="1057" />
  <item TemplateID="130304" Name="Mầm Xanh Lấp Lánh" KindID="4" Description="Có nhiều loại kỹ năng hồi phục, bảo vệ bản thân và đồng đội." Pic="Rareflowers" RareLevel="3" MP="100" StarLevel="3" GameAssetUrl="pet022" HighAgility="550" HighAgilityGrow="550" HighAttack="550" HighAttackGrow="550" HighBlood="30000" HighBloodGrow="3300" HighDamage="0" HighDamageGrow="0" HighDefence="750" HighDefenceGrow="750" HighGuard="0" HighGuardGrow="0" HighLuck="600" HighLuckGrow="600" />
  <item TemplateID="130401" Name="Mầm Xanh" KindID="4" Description="Có nhiều loại kỹ năng hồi phục, bảo vệ bản thân và đồng đội." Pic="flowers" RareLevel="4" MP="100" StarLevel="4" GameAssetUrl="pet019" HighAgility="550" HighAgilityGrow="550" HighAttack="550" HighAttackGrow="550" HighBlood="30000" HighBloodGrow="3300" HighDamage="0" HighDamageGrow="0" HighDefence="750" HighDefenceGrow="750" HighGuard="0" HighGuardGrow="0" HighLuck="600" HighLuckGrow="600" />
  <item TemplateID="130402" Name="Cỏ Ma" KindID="4" Description="Có nhiều loại kỹ năng hồi phục, bảo vệ bản thân và đồng đội." Pic="flowers" RareLevel="4" MP="100" StarLevel="4" GameAssetUrl="pet020" HighAgility="550" HighAgilityGrow="825" HighAttack="550" HighAttackGrow="825" HighBlood="30000" HighBloodGrow="6600" HighDamage="0" HighDamageGrow="0" HighDefence="750" HighDefenceGrow="1125" HighGuard="0" HighGuardGrow="0" HighLuck="600" HighLuckGrow="900" />
  <item TemplateID="130403" Name="Hoa Ma" KindID="4" Description="Có nhiều loại kỹ năng hồi phục, bảo vệ bản thân và đồng đội." Pic="flowers" RareLevel="4" MP="100" StarLevel="4" GameAssetUrl="pet021" HighAgility="550" HighAgilityGrow="1237" HighAttack="550" HighAttackGrow="1237" HighBlood="30000" HighBloodGrow="13200" HighDamage="0" HighDamageGrow="0" HighDefence="750" HighDefenceGrow="1687" HighGuard="0" HighGuardGrow="0" HighLuck="600" HighLuckGrow="1350" />
  <item TemplateID="130501" Name="Mầm Xanh" KindID="4" Description="Có nhiều loại kỹ năng hồi phục, bảo vệ bản thân và đồng đội." Pic="flowers" RareLevel="5" MP="100" StarLevel="5" GameAssetUrl="pet019" HighAgility="700" HighAgilityGrow="760" HighAttack="750" HighAttackGrow="760" HighBlood="40000" HighBloodGrow="4960" HighDamage="0" HighDamageGrow="0" HighDefence="950" HighDefenceGrow="1035" HighGuard="0" HighGuardGrow="0" HighLuck="700" HighLuckGrow="815" />
  <item TemplateID="130502" Name="Cỏ Ma" KindID="4" Description="Có nhiều loại kỹ năng hồi phục, bảo vệ bản thân và đồng đội." Pic="flowers" RareLevel="5" MP="100" StarLevel="5" GameAssetUrl="pet020" HighAgility="700" HighAgilityGrow="1090" HighAttack="750" HighAttackGrow="1090" HighBlood="40000" HighBloodGrow="8920" HighDamage="0" HighDamageGrow="0" HighDefence="950" HighDefenceGrow="1502" HighGuard="0" HighGuardGrow="0" HighLuck="700" HighLuckGrow="1172" />
  <item TemplateID="130503" Name="Hoa Ma" KindID="4" Description="Có nhiều loại kỹ năng hồi phục, bảo vệ bản thân và đồng đội." Pic="flowers" RareLevel="5" MP="100" StarLevel="5" GameAssetUrl="pet021" HighAgility="700" HighAgilityGrow="1585" HighAttack="750" HighAttackGrow="1585" HighBlood="40000" HighBloodGrow="16840" HighDamage="0" HighDamageGrow="0" HighDefence="950" HighDefenceGrow="2203" HighGuard="0" HighGuardGrow="0" HighLuck="700" HighLuckGrow="1708" />
  <item TemplateID="130601" Name="Mầm Xanh Lấp Lánh" KindID="4" Description="Có nhiều loại kỹ năng hồi phục, bảo vệ bản thân và đồng đội." Pic="Rareflowers" RareLevel="4" MP="100" StarLevel="4" GameAssetUrl="pet022" HighAgility="650" HighAgilityGrow="650" HighAttack="650" HighAttackGrow="650" HighBlood="35000" HighBloodGrow="3800" HighDamage="0" HighDamageGrow="0" HighDefence="850" HighDefenceGrow="850" HighGuard="0" HighGuardGrow="0" HighLuck="700" HighLuckGrow="700" />
  <item TemplateID="130602" Name="Cỏ Ma Ánh Trăng" KindID="4" Description="Có nhiều loại kỹ năng hồi phục, bảo vệ bản thân và đồng đội." Pic="Rareflowers" RareLevel="4" MP="100" StarLevel="4" GameAssetUrl="pet023" HighAgility="550" HighAgilityGrow="825" HighAttack="550" HighAttackGrow="825" HighBlood="30000" HighBloodGrow="6600" HighDamage="0" HighDamageGrow="0" HighDefence="750" HighDefenceGrow="1125" HighGuard="0" HighGuardGrow="0" HighLuck="600" HighLuckGrow="900" />
  <item TemplateID="130603" Name="Hoa Ma Cực Quang" KindID="4" Description="Có nhiều loại kỹ năng hồi phục, bảo vệ bản thân và đồng đội." Pic="Rareflowers" RareLevel="4" MP="100" StarLevel="4" GameAssetUrl="pet024" HighAgility="550" HighAgilityGrow="1237" HighAttack="550" HighAttackGrow="1237" HighBlood="30000" HighBloodGrow="13200" HighDamage="0" HighDamageGrow="0" HighDefence="750" HighDefenceGrow="1687" HighGuard="0" HighGuardGrow="0" HighLuck="600" HighLuckGrow="1350" />
  <item TemplateID="130701" Name="Mầm Xanh Lấp Lánh" KindID="4" Description="Có nhiều loại kỹ năng hồi phục, bảo vệ bản thân và đồng đội." Pic="Rareflowers" RareLevel="5" MP="100" StarLevel="5" GameAssetUrl="pet022" HighAgility="800" HighAgilityGrow="860" HighAttack="850" HighAttackGrow="860" HighBlood="45000" HighBloodGrow="5560" HighDamage="0" HighDamageGrow="0" HighDefence="1050" HighDefenceGrow="1135" HighGuard="0" HighGuardGrow="0" HighLuck="800" HighLuckGrow="915" />
  <item TemplateID="130702" Name="Cỏ Ma Ánh Trăng" KindID="4" Description="Có nhiều loại kỹ năng hồi phục, bảo vệ bản thân và đồng đội." Pic="Rareflowers" RareLevel="5" MP="100" StarLevel="5" GameAssetUrl="pet023" HighAgility="700" HighAgilityGrow="1090" HighAttack="750" HighAttackGrow="1090" HighBlood="40000" HighBloodGrow="8920" HighDamage="0" HighDamageGrow="0" HighDefence="950" HighDefenceGrow="1502" HighGuard="0" HighGuardGrow="0" HighLuck="700" HighLuckGrow="1172" />
  <item TemplateID="130703" Name="Hoa Ma Cực Quang" KindID="4" Description="Có nhiều loại kỹ năng hồi phục, bảo vệ bản thân và đồng đội." Pic="Rareflowers" RareLevel="5" MP="100" StarLevel="5" GameAssetUrl="pet024" HighAgility="700" HighAgilityGrow="1585" HighAttack="750" HighAttackGrow="1585" HighBlood="40000" HighBloodGrow="16840" HighDamage="0" HighDamageGrow="0" HighDefence="950" HighDefenceGrow="2203" HighGuard="0" HighGuardGrow="0" HighLuck="700" HighLuckGrow="1708" />
  <item TemplateID="140301" Name="Rồng con" KindID="5" Description="Đừng xem thường ngoại hình,rồng ta ẩn chứa 1 sức mạnh ghê gớm đó." Pic="Dragon" RareLevel="3" MP="100" StarLevel="3" GameAssetUrl="pet025" HighAgility="470" HighAgilityGrow="470" HighAttack="440" HighAttackGrow="440" HighBlood="25000" HighBloodGrow="2900" HighDamage="0" HighDamageGrow="0" HighDefence="600" HighDefenceGrow="600" HighGuard="0" HighGuardGrow="0" HighLuck="440" HighLuckGrow="440" />
  <item TemplateID="140302" Name="rồng nhí" KindID="5" Description="Đừng xem thường ngoại hình,rồng ta ẩn chứa 1 sức mạnh ghê gớm đó." Pic="Dragon" RareLevel="3" MP="100" StarLevel="3" GameAssetUrl="pet026" HighAgility="470" HighAgilityGrow="705" HighAttack="440" HighAttackGrow="660" HighBlood="25000" HighBloodGrow="5800" HighDamage="0" HighDamageGrow="0" HighDefence="600" HighDefenceGrow="900" HighGuard="0" HighGuardGrow="0" HighLuck="440" HighLuckGrow="660" />
  <item TemplateID="140303" Name="rồng thần" KindID="5" Description="Đừng xem thường ngoại hình,rồng ta ẩn chứa 1 sức mạnh ghê gớm đó." Pic="Dragon" RareLevel="3" MP="100" StarLevel="3" GameAssetUrl="pet027" HighAgility="470" HighAgilityGrow="1057" HighAttack="440" HighAttackGrow="990" HighBlood="25000" HighBloodGrow="11600" HighDamage="0" HighDamageGrow="0" HighDefence="600" HighDefenceGrow="1350" HighGuard="0" HighGuardGrow="0" HighLuck="440" HighLuckGrow="990" />
  <item TemplateID="140401" Name="Ấu Long Cổ" KindID="5" Description="Chứa sức mạnh kinh người, không đối thủ." Pic="Dragon" RareLevel="4" MP="100" StarLevel="4" GameAssetUrl="pet025" HighAgility="600" HighAgilityGrow="600" HighAttack="600" HighAttackGrow="550" HighBlood="35000" HighBloodGrow="3600" HighDamage="0" HighDamageGrow="0" HighDefence="850" HighDefenceGrow="750" HighGuard="0" HighGuardGrow="0" HighLuck="650" HighLuckGrow="550" />
  <item TemplateID="140402" Name="Rồng lửa cổ đại" KindID="5" Description="Chứa sức mạnh kinh người, không đối thủ." Pic="Dragon" RareLevel="4" MP="100" StarLevel="4" GameAssetUrl="pet026" HighAgility="600" HighAgilityGrow="900" HighAttack="600" HighAttackGrow="825" HighBlood="35000" HighBloodGrow="7200" HighDamage="0" HighDamageGrow="0" HighDefence="850" HighDefenceGrow="1125" HighGuard="0" HighGuardGrow="0" HighLuck="650" HighLuckGrow="825" />
  <item TemplateID="140403" Name="Rồng ma cổ đại" KindID="5" Description="Chứa sức mạnh kinh người, không đối thủ." Pic="Dragon" RareLevel="4" MP="100" StarLevel="4" GameAssetUrl="pet027" HighAgility="600" HighAgilityGrow="1350" HighAttack="600" HighAttackGrow="1237" HighBlood="35000" HighBloodGrow="14400" HighDamage="0" HighDamageGrow="0" HighDefence="850" HighDefenceGrow="1687" HighGuard="0" HighGuardGrow="0" HighLuck="650" HighLuckGrow="1237" />
  <item TemplateID="140501" Name="Ấu Long Cổ" KindID="5" Description="Chứa sức mạnh kinh người, không đối thủ." Pic="Dragon" RareLevel="5" MP="100" StarLevel="5" GameAssetUrl="pet025" HighAgility="760" HighAgilityGrow="760" HighAttack="760" HighAttackGrow="700" HighBlood="45000" HighBloodGrow="4900" HighDamage="0" HighDamageGrow="0" HighDefence="1030" HighDefenceGrow="920" HighGuard="0" HighGuardGrow="0" HighLuck="810" HighLuckGrow="700" />
  <item TemplateID="140502" Name="Rồng lửa cổ đại" KindID="5" Description="Chứa sức mạnh kinh người, không đối thủ." Pic="Dragon" RareLevel="5" MP="100" StarLevel="5" GameAssetUrl="pet026" HighAgility="760" HighAgilityGrow="1090" HighAttack="760" HighAttackGrow="1000" HighBlood="45000" HighBloodGrow="8900" HighDamage="0" HighDamageGrow="0" HighDefence="1030" HighDefenceGrow="1300" HighGuard="0" HighGuardGrow="0" HighLuck="810" HighLuckGrow="1000" />
  <item TemplateID="140503" Name="Rồng ma cổ đại" KindID="5" Description="Chứa sức mạnh kinh người, không đối thủ." Pic="Dragon" RareLevel="5" MP="100" StarLevel="5" GameAssetUrl="pet027" HighAgility="760" HighAgilityGrow="1550" HighAttack="760" HighAttackGrow="1450" HighBlood="45000" HighBloodGrow="16800" HighDamage="0" HighDamageGrow="0" HighDefence="1030" HighDefenceGrow="1950" HighGuard="0" HighGuardGrow="0" HighLuck="810" HighLuckGrow="1450" />
  <item TemplateID="150101" Name="Phụng Hoàng Băng" KindID="6" Description="Phượng hoàng băng giá, độc nhất vô nhị, sức mạnh vô biên" Pic="phoenix" RareLevel="4" MP="100" StarLevel="4" GameAssetUrl="pet028" HighAgility="600" HighAgilityGrow="600" HighAttack="900" HighAttackGrow="900" HighBlood="30000" HighBloodGrow="3300" HighDamage="0" HighDamageGrow="0" HighDefence="500" HighDefenceGrow="500" HighGuard="0" HighGuardGrow="0" HighLuck="500" HighLuckGrow="500" />
  <item TemplateID="150102" Name="Phụng Hoàng Băng nhỏ" KindID="6" Description="Phượng hoàng băng giá, độc nhất vô nhị, sức mạnh vô biên" Pic="phoenix" RareLevel="4" MP="100" StarLevel="4" GameAssetUrl="pet029" HighAgility="600" HighAgilityGrow="900" HighAttack="900" HighAttackGrow="1350" HighBlood="30000" HighBloodGrow="6600" HighDamage="0" HighDamageGrow="0" HighDefence="500" HighDefenceGrow="750" HighGuard="0" HighGuardGrow="0" HighLuck="500" HighLuckGrow="750" />
  <item TemplateID="150103" Name="Phụng Hoàng Băng trưởng thành" KindID="6" Description="Phượng hoàng băng giá, độc nhất vô nhị, sức mạnh vô biên" Pic="phoenix" RareLevel="4" MP="100" StarLevel="4" GameAssetUrl="pet030" HighAgility="600" HighAgilityGrow="1350" HighAttack="900" HighAttackGrow="2025" HighBlood="30000" HighBloodGrow="13200" HighDamage="0" HighDamageGrow="0" HighDefence="500" HighDefenceGrow="1125" HighGuard="0" HighGuardGrow="0" HighLuck="500" HighLuckGrow="1125" />
  <item TemplateID="150301" Name="Phụng Hoàng Băng" KindID="6" Description="Phượng hoàng băng giá, độc nhất vô nhị, sức mạnh vô biên" Pic="phoenix" RareLevel="3" MP="100" StarLevel="3" GameAssetUrl="pet028" HighAgility="470" HighAgilityGrow="470" HighAttack="600" HighAttackGrow="600" HighBlood="25000" HighBloodGrow="2750" HighDamage="0" HighDamageGrow="0" HighDefence="350" HighDefenceGrow="350" HighGuard="0" HighGuardGrow="0" HighLuck="350" HighLuckGrow="350" />
  <item TemplateID="150302" Name="Phụng Hoàng Băng nhỏ" KindID="6" Description="Phượng hoàng băng giá, độc nhất vô nhị, sức mạnh vô biên" Pic="phoenix" RareLevel="3" MP="100" StarLevel="3" GameAssetUrl="pet029" HighAgility="470" HighAgilityGrow="705" HighAttack="600" HighAttackGrow="875" HighBlood="25000" HighBloodGrow="5100" HighDamage="0" HighDamageGrow="0" HighDefence="350" HighDefenceGrow="540" HighGuard="0" HighGuardGrow="0" HighLuck="350" HighLuckGrow="540" />
  <item TemplateID="150303" Name="Phụng Hoàng Băng trưởng thành" KindID="6" Description="Phượng hoàng băng giá, độc nhất vô nhị, sức mạnh vô biên" Pic="phoenix" RareLevel="3" MP="100" StarLevel="3" GameAssetUrl="pet030" HighAgility="470" HighAgilityGrow="1057" HighAttack="600" HighAttackGrow="1287" HighBlood="25000" HighBloodGrow="10500" HighDamage="0" HighDamageGrow="0" HighDefence="350" HighDefenceGrow="925" HighGuard="0" HighGuardGrow="0" HighLuck="350" HighLuckGrow="925" />
  <item TemplateID="150401" Name="Phụng Hoàng Băng" KindID="6" Description="Phượng hoàng băng giá, độc nhất vô nhị, sức mạnh vô biên" Pic="phoenix" RareLevel="5" MP="100" StarLevel="5" GameAssetUrl="pet028" HighAgility="750" HighAgilityGrow="760" HighAttack="1075" HighAttackGrow="1090" HighBlood="40000" HighBloodGrow="4630" HighDamage="0" HighDamageGrow="0" HighDefence="660" HighDefenceGrow="700" HighGuard="0" HighGuardGrow="0" HighLuck="645" HighLuckGrow="750" />
  <item TemplateID="150402" Name="Phụng Hoàng Băng nhỏ" KindID="6" Description="Phượng hoàng băng giá, độc nhất vô nhị, sức mạnh vô biên" Pic="phoenix" RareLevel="5" MP="100" StarLevel="5" GameAssetUrl="pet029" HighAgility="750" HighAgilityGrow="1090" HighAttack="1075" HighAttackGrow="1585" HighBlood="40000" HighBloodGrow="8260" HighDamage="0" HighDamageGrow="0" HighDefence="660" HighDefenceGrow="1000" HighGuard="0" HighGuardGrow="0" HighLuck="645" HighLuckGrow="1075" />
  <item TemplateID="150403" Name="Phụng Hoàng Băng trưởng thành" KindID="6" Description="Phượng hoàng băng giá, độc nhất vô nhị, sức mạnh vô biên" Pic="phoenix" RareLevel="5" MP="100" StarLevel="5" GameAssetUrl="pet030" HighAgility="750" HighAgilityGrow="1585" HighAttack="1075" HighAttackGrow="2320" HighBlood="40000" HighBloodGrow="15520" HighDamage="0" HighDamageGrow="0" HighDefence="660" HighDefenceGrow="1450" HighGuard="0" HighGuardGrow="0" HighLuck="645" HighLuckGrow="1560" />
  <item TemplateID="160101" Name="Kim Xà" KindID="7" Description="Có thuộc tính HP cao và kỹ năng khống chế, biểu hiện xuất sắc khi thi đấu." Pic="snake" RareLevel="5" MP="100" StarLevel="5" GameAssetUrl="pet031" HighAgility="700" HighAgilityGrow="760" HighAttack="750" HighAttackGrow="760" HighBlood="40000" HighBloodGrow="4960" HighDamage="0" HighDamageGrow="0" HighDefence="950" HighDefenceGrow="1035" HighGuard="0" HighGuardGrow="0" HighLuck="700" HighLuckGrow="815" />
  <item TemplateID="160102" Name="Kim Xà trương thành" KindID="7" Description="Có thuộc tính HP cao và kỹ năng khống chế, biểu hiện xuất sắc khi thi đấu." Pic="snake" RareLevel="5" MP="100" StarLevel="5" GameAssetUrl="pet032" HighAgility="700" HighAgilityGrow="1090" HighAttack="750" HighAttackGrow="1090" HighBlood="40000" HighBloodGrow="8920" HighDamage="0" HighDamageGrow="0" HighDefence="950" HighDefenceGrow="1502" HighGuard="0" HighGuardGrow="0" HighLuck="700" HighLuckGrow="1172" />
  <item TemplateID="160103" Name="Kim Xà Vương" KindID="7" Description="Có thuộc tính HP cao và kỹ năng khống chế, biểu hiện xuất sắc khi thi đấu." Pic="snake" RareLevel="5" MP="100" StarLevel="5" GameAssetUrl="pet033" HighAgility="700" HighAgilityGrow="1585" HighAttack="750" HighAttackGrow="1585" HighBlood="40000" HighBloodGrow="16840" HighDamage="0" HighDamageGrow="0" HighDefence="950" HighDefenceGrow="2203" HighGuard="0" HighGuardGrow="0" HighLuck="700" HighLuckGrow="1708" />
  <item TemplateID="160401" Name="Kim Xà" KindID="7" Description="Có thuộc tính HP cao và kỹ năng khống chế, biểu hiện xuất sắc khi thi đấu." Pic="snake" RareLevel="4" MP="100" StarLevel="4" GameAssetUrl="pet031" HighAgility="600" HighAgilityGrow="600" HighAttack="600" HighAttackGrow="550" HighBlood="30000" HighBloodGrow="3300" HighDamage="0" HighDamageGrow="0" HighDefence="750" HighDefenceGrow="750" HighGuard="0" HighGuardGrow="0" HighLuck="600" HighLuckGrow="550" />
  <item TemplateID="160402" Name="Kim Xà trương thành" KindID="7" Description="Có thuộc tính HP cao và kỹ năng khống chế, biểu hiện xuất sắc khi thi đấu." Pic="snake" RareLevel="4" MP="100" StarLevel="4" GameAssetUrl="pet032" HighAgility="600" HighAgilityGrow="900" HighAttack="600" HighAttackGrow="825" HighBlood="30000" HighBloodGrow="6600" HighDamage="0" HighDamageGrow="0" HighDefence="750" HighDefenceGrow="1125" HighGuard="0" HighGuardGrow="0" HighLuck="600" HighLuckGrow="825" />
  <item TemplateID="160403" Name="Kim Xà Vương" KindID="7" Description="Có thuộc tính HP cao và kỹ năng khống chế, biểu hiện xuất sắc khi thi đấu." Pic="snake" RareLevel="4" MP="100" StarLevel="4" GameAssetUrl="pet033" HighAgility="600" HighAgilityGrow="1350" HighAttack="600" HighAttackGrow="1237" HighBlood="30000" HighBloodGrow="13200" HighDamage="0" HighDamageGrow="0" HighDefence="750" HighDefenceGrow="1687" HighGuard="0" HighGuardGrow="0" HighLuck="600" HighLuckGrow="1237" />
  <item TemplateID="170101" Name="Manh Tiểu Miêu" KindID="8" Description="Thú cưng chuyên về phòng thủ và phản kích." Pic="cat" RareLevel="4" MP="100" StarLevel="4" GameAssetUrl="pet034" HighAgility="710" HighAgilityGrow="780" HighAttack="780" HighAttackGrow="715" HighBlood="30000" HighBloodGrow="3300" HighDamage="0" HighDamageGrow="0" HighDefence="750" HighDefenceGrow="750" HighGuard="0" HighGuardGrow="0" HighLuck="710" HighLuckGrow="550" />
  <item TemplateID="170102" Name="Manh Tiểu Miêu" KindID="8" Description="Thú cưng chuyên về phòng thủ và phản kích." Pic="cat" RareLevel="4" MP="100" StarLevel="4" GameAssetUrl="pet034" HighAgility="710" HighAgilityGrow="1170" HighAttack="780" HighAttackGrow="1072" HighBlood="30000" HighBloodGrow="6600" HighDamage="0" HighDamageGrow="0" HighDefence="750" HighDefenceGrow="1125" HighGuard="0" HighGuardGrow="0" HighLuck="710" HighLuckGrow="825" />
  <item TemplateID="170103" Name="Manh Tiểu Miêu" KindID="8" Description="Thú cưng chuyên về phòng thủ và phản kích." Pic="cat" RareLevel="4" MP="100" StarLevel="4" GameAssetUrl="pet034" HighAgility="710" HighAgilityGrow="1755" HighAttack="780" HighAttackGrow="1608" HighBlood="30000" HighBloodGrow="13200" HighDamage="0" HighDamageGrow="0" HighDefence="750" HighDefenceGrow="1687" HighGuard="0" HighGuardGrow="0" HighLuck="710" HighLuckGrow="1237" />
  <item TemplateID="170201" Name="Manh Tiểu Miêu" KindID="8" Description="Thú cưng chuyên về phòng thủ và phản kích." Pic="cat" RareLevel="5" MP="100" StarLevel="5" GameAssetUrl="pet034" HighAgility="880" HighAgilityGrow="950" HighAttack="950" HighAttackGrow="880" HighBlood="40000" HighBloodGrow="4600" HighDamage="0" HighDamageGrow="0" HighDefence="920" HighDefenceGrow="920" HighGuard="0" HighGuardGrow="0" HighLuck="880" HighLuckGrow="700" />
  <item TemplateID="170202" Name="Manh Tiểu Miêu" KindID="8" Description="Thú cưng chuyên về phòng thủ và phản kích." Pic="cat" RareLevel="5" MP="100" StarLevel="5" GameAssetUrl="pet034" HighAgility="880" HighAgilityGrow="1350" HighAttack="950" HighAttackGrow="1250" HighBlood="40000" HighBloodGrow="8200" HighDamage="0" HighDamageGrow="0" HighDefence="920" HighDefenceGrow="1330" HighGuard="0" HighGuardGrow="0" HighLuck="880" HighLuckGrow="1000" />
  <item TemplateID="170203" Name="Manh Tiểu Miêu" KindID="8" Description="Thú cưng chuyên về phòng thủ và phản kích." Pic="cat" RareLevel="5" MP="100" StarLevel="5" GameAssetUrl="pet034" HighAgility="880" HighAgilityGrow="2000" HighAttack="950" HighAttackGrow="1800" HighBlood="40000" HighBloodGrow="15500" HighDamage="0" HighDamageGrow="0" HighDefence="920" HighDefenceGrow="1950" HighGuard="0" HighGuardGrow="0" HighLuck="880" HighLuckGrow="1450" />
  <item TemplateID="170301" Name="Manh Tiểu Miêu" KindID="8" Description="Thú cưng chuyên về phòng thủ và phản kích." Pic="cat" RareLevel="3" MP="100" StarLevel="3" GameAssetUrl="pet034" HighAgility="670" HighAgilityGrow="675" HighAttack="530" HighAttackGrow="530" HighBlood="28000" HighBloodGrow="3090" HighDamage="0" HighDamageGrow="0" HighDefence="490" HighDefenceGrow="490" HighGuard="0" HighGuardGrow="0" HighLuck="490" HighLuckGrow="490" />
  <item TemplateID="170302" Name="Manh Tiểu Miêu" KindID="8" Description="Thú cưng chuyên về phòng thủ và phản kích." Pic="cat" RareLevel="3" MP="100" StarLevel="3" GameAssetUrl="pet034" HighAgility="670" HighAgilityGrow="1012" HighAttack="530" HighAttackGrow="795" HighBlood="28000" HighBloodGrow="6180" HighDamage="0" HighDamageGrow="0" HighDefence="490" HighDefenceGrow="735" HighGuard="0" HighGuardGrow="0" HighLuck="490" HighLuckGrow="735" />
  <item TemplateID="170303" Name="Manh Tiểu Miêu" KindID="8" Description="Thú cưng chuyên về phòng thủ và phản kích." Pic="cat" RareLevel="3" MP="100" StarLevel="3" GameAssetUrl="pet034" HighAgility="670" HighAgilityGrow="1518" HighAttack="530" HighAttackGrow="1192" HighBlood="28000" HighBloodGrow="12360" HighDamage="0" HighDamageGrow="0" HighDefence="490" HighDefenceGrow="1102" HighGuard="0" HighGuardGrow="0" HighLuck="490" HighLuckGrow="1102" />
  <item TemplateID="190101" Name="Tuần Lộc" KindID="9" Description="Có sức mạnh áp chế, vũ khí đánh nhóm" Pic="elk" RareLevel="4" MP="100" StarLevel="5" GameAssetUrl="pet035" HighAgility="700" HighAgilityGrow="760" HighAttack="750" HighAttackGrow="760" HighBlood="40000" HighBloodGrow="4960" HighDamage="0" HighDamageGrow="0" HighDefence="950" HighDefenceGrow="1035" HighGuard="0" HighGuardGrow="0" HighLuck="700" HighLuckGrow="815" />
  <item TemplateID="190102" Name="Tuần Lộc" KindID="9" Description="Có sức mạnh áp chế, vũ khí đánh nhóm" Pic="elk" RareLevel="4" MP="100" StarLevel="5" GameAssetUrl="pet036" HighAgility="700" HighAgilityGrow="1090" HighAttack="750" HighAttackGrow="1090" HighBlood="40000" HighBloodGrow="8920" HighDamage="0" HighDamageGrow="0" HighDefence="950" HighDefenceGrow="1502" HighGuard="0" HighGuardGrow="0" HighLuck="700" HighLuckGrow="1172" />
  <item TemplateID="190103" Name="Tuần Lộc" KindID="9" Description="Có sức mạnh áp chế, vũ khí đánh nhóm" Pic="elk" RareLevel="4" MP="100" StarLevel="5" GameAssetUrl="pet037" HighAgility="700" HighAgilityGrow="1585" HighAttack="750" HighAttackGrow="1585" HighBlood="40000" HighBloodGrow="16840" HighDamage="0" HighDamageGrow="0" HighDefence="950" HighDefenceGrow="2203" HighGuard="0" HighGuardGrow="0" HighLuck="700" HighLuckGrow="1708" />
  <item TemplateID="190201" Name="Tuần Lộc" KindID="9" Description="Có sức mạnh áp chế, vũ khí đánh nhóm" Pic="elk" RareLevel="3" MP="100" StarLevel="3" GameAssetUrl="pet035" HighAgility="440" HighAgilityGrow="440" HighAttack="470" HighAttackGrow="470" HighBlood="25000" HighBloodGrow="2900" HighDamage="0" HighDamageGrow="0" HighDefence="600" HighDefenceGrow="600" HighGuard="0" HighGuardGrow="0" HighLuck="440" HighLuckGrow="440" />
  <item TemplateID="190202" Name="Tuần Lộc" KindID="9" Description="Có sức mạnh áp chế, vũ khí đánh nhóm" Pic="elk" RareLevel="3" MP="100" StarLevel="3" GameAssetUrl="pet036" HighAgility="440" HighAgilityGrow="660" HighAttack="470" HighAttackGrow="705" HighBlood="25000" HighBloodGrow="5800" HighDamage="0" HighDamageGrow="0" HighDefence="600" HighDefenceGrow="900" HighGuard="0" HighGuardGrow="0" HighLuck="440" HighLuckGrow="660" />
  <item TemplateID="190203" Name="Tuần Lộc" KindID="9" Description="Có sức mạnh áp chế, vũ khí đánh nhóm" Pic="elk" RareLevel="3" MP="100" StarLevel="3" GameAssetUrl="pet037" HighAgility="440" HighAgilityGrow="990" HighAttack="470" HighAttackGrow="1057" HighBlood="25000" HighBloodGrow="11600" HighDamage="0" HighDamageGrow="0" HighDefence="600" HighDefenceGrow="1350" HighGuard="0" HighGuardGrow="0" HighLuck="440" HighLuckGrow="990" />
  <item TemplateID="190301" Name="Tuần Lộc" KindID="9" Description="Có sức mạnh áp chế, vũ khí đánh nhóm" Pic="elk" RareLevel="4" MP="100" StarLevel="4" GameAssetUrl="pet035" HighAgility="550" HighAgilityGrow="550" HighAttack="600" HighAttackGrow="600" HighBlood="30000" HighBloodGrow="3300" HighDamage="0" HighDamageGrow="0" HighDefence="750" HighDefenceGrow="750" HighGuard="0" HighGuardGrow="0" HighLuck="550" HighLuckGrow="550" />
  <item TemplateID="190302" Name="Tuần Lộc" KindID="9" Description="Có sức mạnh áp chế, vũ khí đánh nhóm" Pic="elk" RareLevel="4" MP="100" StarLevel="4" GameAssetUrl="pet036" HighAgility="550" HighAgilityGrow="825" HighAttack="600" HighAttackGrow="900" HighBlood="30000" HighBloodGrow="6600" HighDamage="0" HighDamageGrow="0" HighDefence="750" HighDefenceGrow="1125" HighGuard="0" HighGuardGrow="0" HighLuck="550" HighLuckGrow="825" />
  <item TemplateID="190303" Name="Tuần Lộc" KindID="9" Description="Có sức mạnh áp chế, vũ khí đánh nhóm" Pic="elk" RareLevel="4" MP="100" StarLevel="4" GameAssetUrl="pet037" HighAgility="550" HighAgilityGrow="1237" HighAttack="600" HighAttackGrow="1350" HighBlood="30000" HighBloodGrow="13200" HighDamage="0" HighDamageGrow="0" HighDefence="750" HighDefenceGrow="1687" HighGuard="0" HighGuardGrow="0" HighLuck="550" HighLuckGrow="1237" />
  <item TemplateID="200101" Name="Xanh biếc 4" KindID="10" Description="Thú cưng có tố chất ưu tú, lực chiến phi phàm" Pic="eye" RareLevel="4" MP="100" StarLevel="4" GameAssetUrl="pet038" HighAgility="550" HighAgilityGrow="600" HighAttack="600" HighAttackGrow="550" HighBlood="30000" HighBloodGrow="3300" HighDamage="0" HighDamageGrow="0" HighDefence="750" HighDefenceGrow="750" HighGuard="0" HighGuardGrow="0" HighLuck="550" HighLuckGrow="550" />
  <item TemplateID="200102" Name="Xanh biếc 4" KindID="10" Description="Thú cưng có tố chất ưu tú, lực chiến phi phàm" Pic="eye" RareLevel="4" MP="100" StarLevel="4" GameAssetUrl="pet039" HighAgility="550" HighAgilityGrow="900" HighAttack="600" HighAttackGrow="825" HighBlood="30000" HighBloodGrow="6600" HighDamage="0" HighDamageGrow="0" HighDefence="750" HighDefenceGrow="1125" HighGuard="0" HighGuardGrow="0" HighLuck="550" HighLuckGrow="825" />
  <item TemplateID="200103" Name="Xanh biếc 4" KindID="10" Description="Thú cưng có tố chất ưu tú, lực chiến phi phàm" Pic="eye" RareLevel="4" MP="100" StarLevel="4" GameAssetUrl="pet040" HighAgility="550" HighAgilityGrow="1350" HighAttack="600" HighAttackGrow="1237" HighBlood="30000" HighBloodGrow="13200" HighDamage="0" HighDamageGrow="0" HighDefence="750" HighDefenceGrow="1687" HighGuard="0" HighGuardGrow="0" HighLuck="550" HighLuckGrow="1237" />
  <item TemplateID="200201" Name="Xanh biếc 5" KindID="10" Description="Thú cưng có tố chất ưu tú, lực chiến phi phàm" Pic="eye" RareLevel="15" MP="100" StarLevel="5" GameAssetUrl="pet038" HighAgility="700" HighAgilityGrow="760" HighAttack="750" HighAttackGrow="760" HighBlood="40000" HighBloodGrow="4960" HighDamage="0" HighDamageGrow="0" HighDefence="950" HighDefenceGrow="1035" HighGuard="0" HighGuardGrow="0" HighLuck="700" HighLuckGrow="815" />
  <item TemplateID="200202" Name="Xanh biếc 5" KindID="10" Description="Thú cưng có tố chất ưu tú, lực chiến phi phàm" Pic="eye" RareLevel="15" MP="100" StarLevel="5" GameAssetUrl="pet039" HighAgility="700" HighAgilityGrow="1090" HighAttack="750" HighAttackGrow="1090" HighBlood="40000" HighBloodGrow="8920" HighDamage="0" HighDamageGrow="0" HighDefence="950" HighDefenceGrow="1502" HighGuard="0" HighGuardGrow="0" HighLuck="700" HighLuckGrow="1172" />
  <item TemplateID="200203" Name="Xanh biếc 5" KindID="10" Description="Thú cưng có tố chất ưu tú, lực chiến phi phàm" Pic="eye" RareLevel="15" MP="100" StarLevel="5" GameAssetUrl="pet040" HighAgility="700" HighAgilityGrow="1585" HighAttack="750" HighAttackGrow="1585" HighBlood="40000" HighBloodGrow="16840" HighDamage="0" HighDamageGrow="0" HighDefence="950" HighDefenceGrow="2203" HighGuard="0" HighGuardGrow="0" HighLuck="700" HighLuckGrow="1708" />
  <item TemplateID="210101" Name="Tôn Ngộ Không" KindID="11" Description="Thú cưng hiếm, kỹ năng sinh tồn độc đáo, thi triển mạnh mẽ, thi đấu và phó bản vừa đều xuất sắc." Pic="KingOfMonkey" RareLevel="15" MP="100" StarLevel="5" GameAssetUrl="pet041" HighAgility="700" HighAgilityGrow="760" HighAttack="750" HighAttackGrow="760" HighBlood="40000" HighBloodGrow="4960" HighDamage="0" HighDamageGrow="0" HighDefence="950" HighDefenceGrow="1035" HighGuard="0" HighGuardGrow="0" HighLuck="700" HighLuckGrow="815" />
  <item TemplateID="210102" Name="Tôn Ngộ Không" KindID="11" Description="Thú cưng hiếm, kỹ năng sinh tồn độc đáo, thi triển mạnh mẽ, thi đấu và phó bản vừa đều xuất sắc." Pic="KingOfMonkey" RareLevel="15" MP="100" StarLevel="5" GameAssetUrl="pet042" HighAgility="700" HighAgilityGrow="1090" HighAttack="750" HighAttackGrow="1090" HighBlood="40000" HighBloodGrow="8920" HighDamage="0" HighDamageGrow="0" HighDefence="950" HighDefenceGrow="1502" HighGuard="0" HighGuardGrow="0" HighLuck="700" HighLuckGrow="1172" />
  <item TemplateID="210103" Name="Tôn Ngộ Không" KindID="11" Description="Thú cưng hiếm, kỹ năng sinh tồn độc đáo, thi triển mạnh mẽ, thi đấu và phó bản vừa đều xuất sắc." Pic="KingOfMonkey" RareLevel="15" MP="100" StarLevel="5" GameAssetUrl="pet043" HighAgility="700" HighAgilityGrow="1585" HighAttack="750" HighAttackGrow="1585" HighBlood="40000" HighBloodGrow="16840" HighDamage="0" HighDamageGrow="0" HighDefence="950" HighDefenceGrow="2203" HighGuard="0" HighGuardGrow="0" HighLuck="700" HighLuckGrow="1708" />
  <item TemplateID="210201" Name="Tôn Ngộ Không" KindID="12" Description="Thú cưng hiếm, kỹ năng sinh tồn độc đáo, thi triển mạnh mẽ, thi đấu và phó bản vừa đều xuất sắc." Pic="KingOfMonkey" RareLevel="15" MP="100" StarLevel="6" GameAssetUrl="pet041" HighAgility="620" HighAgilityGrow="660" HighAttack="670" HighAttackGrow="660" HighBlood="37000" HighBloodGrow="3960" HighDamage="0" HighDamageGrow="0" HighDefence="870" HighDefenceGrow="935" HighGuard="0" HighGuardGrow="0" HighLuck="620" HighLuckGrow="715" />
  <item TemplateID="210202" Name="Tôn Ngộ Không" KindID="12" Description="Thú cưng hiếm, kỹ năng sinh tồn độc đáo, thi triển mạnh mẽ, thi đấu và phó bản vừa đều xuất sắc." Pic="KingOfMonkey" RareLevel="15" MP="100" StarLevel="6" GameAssetUrl="pet042" HighAgility="620" HighAgilityGrow="990" HighAttack="670" HighAttackGrow="990" HighBlood="37000" HighBloodGrow="7920" HighDamage="0" HighDamageGrow="0" HighDefence="870" HighDefenceGrow="1402" HighGuard="0" HighGuardGrow="0" HighLuck="620" HighLuckGrow="1072" />
  <item TemplateID="210203" Name="Tôn Ngộ Không" KindID="12" Description="Thú cưng hiếm, kỹ năng sinh tồn độc đáo, thi triển mạnh mẽ, thi đấu và phó bản vừa đều xuất sắc." Pic="KingOfMonkey" RareLevel="15" MP="100" StarLevel="6" GameAssetUrl="pet043" HighAgility="620" HighAgilityGrow="1485" HighAttack="670" HighAttackGrow="1485" HighBlood="37000" HighBloodGrow="15840" HighDamage="0" HighDamageGrow="0" HighDefence="870" HighDefenceGrow="2103" HighGuard="0" HighGuardGrow="0" HighLuck="620" HighLuckGrow="1608" />
</Result>