<Result value="true" message="Success!">
  <Item Name="MustStrengthenGold" Value="0" />
  <Item Name="MustComposeGold" Value="0" />
  <Item Name="MustFusionGold" Value="400" />
  <Item Name="Edition" Value="5498628" />
  <Item Name="CheckRewardItem" Value="11001" />
  <Item Name="CheckCount" Value="10" />
  <Item Name="HymenealMoney" Value="300" />
  <Item Name="DivorcedMoney" Value="1499" />
  <Item Name="MarryRoomCreateMoney" Value="700,900,1000" />
  <Item Name="BoxAppearCondition" Value="4" />
  <Item Name="DisableCommands" Value="   " />
  <Item Name="AssState" Value="False" />
  <Item Name="DailyAwardState" Value="True" />
  <Item Name="Cess" Value="0.1" />
  <Item Name="BeginAuction" Value="45" />
  <Item Name="EndAuction" Value="75" />
  <Item Name="Equip" Value="3158,,5160,71050|3244,,5276,71050" />
  <Item Name="CopyInviteLevelLimit" Value="8" />
  <Item Name="SpaRoomCreateMoney" Value="800,1600" />
  <Item Name="SpaPubRoomCount" Value="8,0" />
  <Item Name="SpaPriRoomCount" Value="2000" />
  <Item Name="RefreshLimitShopCount" Value="08:00|16:00" />
  <Item Name="LimitShopState" Value="True" />
  <Item Name="GoHomeState" Value="True" />
  <Item Name="SpaPubRoomServerID" Value="1|2|3|4|5|6|7|8|9|10" />
  <Item Name="SeizeNpc" Value="True" />
  <Item Name="SpaPubRoomLoginPay" Value="10000,200" />
  <Item Name="SpaPriRoomInitTime" Value="60" />
  <Item Name="SpaPriRoomContinueTime" Value="60" />
  <Item Name="SpaPubRoomTimeLimit" Value="60,60" />
  <Item Name="SpaPubRoomPlayerMaxCount" Value="10,10" />
  <Item Name="ChatCount" Value="5" />
  <Item Name="DefaultGold" Value="0" />
  <Item Name="DefaultMoney" Value="0" />
  <Item Name="DefaultGiftToken" Value="200" />
  <Item Name="NpcPlayerState" Value="True" />
  <Item Name="ExchangMoneyToGold" Value="50" />
  <Item Name="MustTransferGold" Value="40000" />
  <Item Name="MustInlayGold" Value="20000" />
  <Item Name="DispatchesMoney" Value="200" />
  <Item Name="DismountGemMoney" Value="200" />
  <Item Name="CanExperience" Value="False" />
  <Item Name="MaxStrengthLevel" Value="12" />
  <Item Name="AASInterfaceSwitch" Value="0" />
  <Item Name="OpenHolesGold" Value="200" />
  <Item Name="DefaultGP" Value="1" />
  <Item Name="IsOpenUseLog" Value="False" />
  <Item Name="InviterRewardGrade" Value="5,112065|10,11462" />
  <Item Name="MAXLevel" Value="60" />
  <Item Name="GiftLimit" Value="16" />
  <Item Name="DivorcedDiscountMoney" Value="999" />
  <Item Name="LotterySilverRewardTimes" Value="10" />
  <Item Name="LotteryGoldRewardTimes" Value="100" />
  <Item Name="HoleLevelUpExpList" Value="400|600|700|800|800" />
  <Item Name="SendRandUserFaceInterval" Value="25" />
  <Item Name="UserFaceRange" Value="49|66" />
  <Item Name="CoupleFightGPRate" Value="0.5" />
  <Item Name="ConsortiaFightRate" Value="0.1|0.2" />
  <Item Name="MarrayAutoAward" Value="False" />
  <Item Name="WeddingAutoAward" Value="False" />
  <Item Name="GhostGPMax" Value="1000" />
  <Item Name="PlayerGPMax" Value="10000" />
  <Item Name="PICKUP_SNENIOR_ROBOT" Value="True" />
  <Item Name="FightSendFace_Open" Value="True" />
  <Item Name="IsOpenAreBigBugle" Value="False" />
  <Item Name="IsPasswordTwoFailedLockBag" Value="True" />
  <Item Name="FightLabLimitGrade" Value="15" />
  <Item Name="ExerciseMaxLevel" Value="65" />
  <Item Name="LotteryTemplateExchange" Value="11998|11997|11003|11007|11011|11015|11001|11002|11005|11006|11009|11010|11013|11014|11018|11112" />
  <Item Name="SpaWorldMaxCount" Value="500" />
  <Item Name="SpaWorldIds" Value="1,1" />
  <Item Name="LuckStoneExchangeRule" Value="101,8|102,4|103,2|104,1" />
  <Item Name="LuckyNumMoney" Value="99" />
  <Item Name="LuckStoneCoefficient" Value="0.33|0.46|0.6|1" />
  <Item Name="MissionMinute" Value="360" />
  <Item Name="MissionBuffDay" Value="1" />
  <Item Name="MissionRiches" Value="3000|3000|5000|5000|8000|8000|10000|10000|12000|12000" />
  <Item Name="MissionAwardRiches" Value="4500|4500|7500|7500|12000|12000|15000|15000|18000|18000" />
  <Item Name="MissionAwardGP" Value="100000|100000|200000|200000|300000|300000|400000|400000|500000|500000" />
  <Item Name="MissionAwardOffer" Value="500|500|1000|1000|1500|1500|2000|2000|2500|2500" />
  <Item Name="MissionAwardRicheOffer" Value="1500|1500|2500|2500|4000|4000|5000|5000|6000|6000" />
  <Item Name="MissionAgainMoney" Value="500" />
  <Item Name="MaxCountBuyOneDay" Value="3" />
  <Item Name="GpExchangeForEachOfferLvMax" Value="600" />
  <Item Name="MaxMedalCount" Value="999" />
  <Item Name="RollAward" Value="0|110|120|150|180|200" />
  <Item Name="RollFirstProbability" Value="1000|1000|1000|2000|2000|3000" />
  <Item Name="RollProbability" Value="2500|3000|3000|700|500|300" />
  <Item Name="AwardMaxMoney" Value="1000" />
  <Item Name="RollTimes" Value="1" />
  <Item Name="MarryRoomSendGiftItemID" Value="11900" />
  <Item Name="PveCheckCodeCount" Value="3" />
  <Item Name="GameMgrUseFor" Value="1" />
  <Item Name="BlessTemplateID" Value="11560|11561|11562" />
  <Item Name="BlessValid" Value="30|30|30" />
  <Item Name="BlessDropProbability" Value="190|260|50" />
  <Item Name="BlessProbability" Value="2000|2000|2000" />
  <Item Name="BlessCategoryID" Value="7|5|1" />
  <Item Name="BlessEquipLevel" Value="12|12|12" />
  <Item Name="OldPlayerTeamAddExp" Value="100" />
  <Item Name="VIPExpForEachLv" Value="1|300|700|1400|2500|4100|6100|8500|11300" />
  <Item Name="VIPRateForGP" Value="1.1|1.2|1.3|1.4|1.5|1.8|1.8|1.8|1.8|1.9|1.9|2.0" />
  <Item Name="VIPLotteryCountMaxPerDay" Value="3|4|5|6|7|8|9|10|11|12|13|15" />
  <Item Name="VIPExtraBindMoneyUpper" Value="0|0|0|9999|9999|12999|12999|12999|12999|19999|19999|19999" />
  <Item Name="VIPQuestFinishDirect" Value="0|0|0|0|0|2|2|2|2|3|3|4" />
  <Item Name="VIPQuestStar" Value="2|2|2|2|2|3|3|3|3|3|3|3" />
  <Item Name="VIPStrengthenEx" Value="25|25|25|35|35|50|50|50|50|50|50|50" />
  <Item Name="VIPOfferDecreaseRate" Value="0|0|0|0|0|0|0|0|0|0|0|0" />
  <Item Name="VIPDailyPackID" Value="112112|112113|112114|112115|112116|112117|112118|112119|112120|112204|112205|112206" />
  <Item Name="VIPTakeCardDisCount" Value="100|100|100|90|90|80|80|80|80|80|70|70" />
  <Item Name="BecomeVIPAward" Value="112164" />
  <Item Name="VIPMaxLevel" Value="12" />
  <Item Name="VIPPayAimEnergy" Value="120|120|120|120|120|50|50|50|50|30|30|30" />
  <Item Name="VIPPrivilege" Value="0,|0,|1,|2,|3,|4,13,|5,11,|6,|7,8,|10,|9,|12," />
  <Item Name="PayAimEnergy" Value="120" />
  <Item Name="FreePayAimCount" Value="3" />
  <Item Name="AimLevel" Value="15" />
  <Item Name="PlayerMinLevel" Value="25" />
  <Item Name="BindMoneyRate" Value="1|1|1|1" />
  <Item Name="ExpRate" Value="1.5|2|2.5|3" />
  <Item Name="GoldRate" Value="1.5|2|2.5|3" />
  <Item Name="ExploitRate" Value="1.5|2|2.5|3" />
  <Item Name="BindMoneyMax" Value="30000|30000|30000|30000|30000|30000" />
  <Item Name="CanOneKeyFinishTime" Value="3" />
  <Item Name="ExerciseLevelLimited" Value="10|20|30|40|45|50|55|60" />
  <Item Name="VIPRenewalPrize" Value="569|1707|3000" />
  <Item Name="ConsortiaStrengthenEx" Value="10|20|30|40|50|60|70|80|90|100" />
  <Item Name="RunePackageID" Value="311599|312599|313599|313599" />
  <Item Name="OpenRunePackageMoney" Value="500|1000|1500|2000" />
  <Item Name="OpenRunePackageRange" Value="6,9|5,8|4,7" />
  <Item Name="CardResetSoulValue" Value="50" />
  <Item Name="IsGrooveLevelUpNoticeEnabled" Value="True" />
  <Item Name="GrooveLevelUpSysNotice" Value="30|35,40" />
  <Item Name="IsCardTypeUpNoticeEnabled" Value="True" />
  <Item Name="CardTypeUpSysNotice" Value="2,1" />
  <Item Name="OverseaVIPFeatures" Value="False" />
  <Item Name="MalaysiaFeatures" Value="False" />
  <Item Name="VietnamFeatures" Value="True" />
  <Item Name="SpaAddictionMoneyNeeded" Value="100" />
  <Item Name="KickPlayerMoney" Value="-1" />
  <Item Name="VIPExpNeededForEachLv" Value="0|100|250|550|1250|2200|3100|4100|5650" />
  <Item Name="VIPExpGainPerDay" Value="10" />
  <Item Name="VIPExpDecreasePerDay" Value="5" />
  <Item Name="VIPGpBonusRatePerLevel" Value="0.1" />
  <Item Name="VIPSpaTimeBonusPerLevel" Value="30" />
  <Item Name="VIPExpBonusForValueVIP" Value="5" />
  <Item Name="RollLevel" Value="10|60" />
  <Item Name="IsCardUpgradeNoticeEnabled" Value="true" />
  <Item Name="LotteryRewardSwitch" Value="True" />
  <Item Name="SNSMessageExtend" Value="True" />
  <Item Name="OverseaNewLotteryBox" Value="True" />
  <Item Name="LevelControlSwitch" Value="False" />
  <Item Name="LevelControlLevel" Value="15" />
  <Item Name="TakeCardMoney" Value="486" />
  <Item Name="TakeCardDiscount" Value="0.1" />
  <Item Name="CardGrooveRevert" Value="300" />
  <Item Name="BoxActivityCount" Value="2|2|3|5|6" />
  <Item Name="RandomPetScore" Value="3,7,100|8,12,15|13,15,5" />
  <Item Name="IsOpenPetScore" Value="True" />
  <Item Name="RuneLevelUpExp" Value="1|2|4|8|16|32|64|128|384|1152|3456|10368|31104|93312|279936|839808|1679616" />
  <Item Name="MultAreaBeginDate" Value="2010/10/1 0:00:00" />
  <Item Name="MultAreaEndDate" Value="2010/10/7 0:00:00" />
  <Item Name="MultAreaBeginTime" Value="2012/11/27 12:00:00" />
  <Item Name="MultAreaEndTime" Value="2012/11/27 14:00:00" />
  <Item Name="WorldBossBattleMinPlayerLevel" Value="20" />
  <Item Name="WorldBossCD" Value="30" />
  <Item Name="WorldBossReviveMoney" Value="30" />
  <Item Name="PveTickets" Value="200619|200620|200621|200622" />
  <Item Name="HideNewRune" Value="true" />
  <Item Name="DealIsBinds" Value="true" />
  <Item Name="PVEFightServerEnabled" Value="False" />
  <Item Name="WorldBossNpcEnabled" Value="False" />
  <Item Name="WorldBossDamageScoreExchangeRate" Value="100" />
  <Item Name="HotSpringExp" Value="200,240,288,346,415,498,597,717,860,946,1041,1145,1259,1385,1523,1676,1843,2028,2231,2342,2459,2582,2711,2847,2989,3139,3295,3460,3633,3815,3929,4047,4169,4294,4423,4555,4692,4833,4978,5127,5281,5439,5602,5770,5944,6122,6306,6495,6690,6890,7097,7310,7529,7755,7988,8227,8474,8728,8990,9260" />
</Result>