<publishData>
  <publishTarget publishUrl="\\192.168.1.3\DandantangPVE\Request\">
    <file relUrl="CelebList/CelebByGpList.ashx" publishTime="09/29/2009 10:12:02" />
    <file relUrl="CelebList/CelebByConsortiaDayHonor.ashx" publishTime="09/29/2009 10:12:02" />
    <file relUrl="ConsortiaIMList.ashx" publishTime="09/29/2009 10:12:06" />
    <file relUrl="ServerList.ashx" publishTime="09/29/2009 10:12:06" />
    <file relUrl="Global.asax" publishTime="09/29/2009 10:12:06" />
    <file relUrl="IMFriendsGood.ashx" publishTime="11/06/2009 10:41:48" />
    <file relUrl="UserGoodsInfo.ashx" publishTime="09/29/2009 10:12:06" />
    <file relUrl="AASUpdateState.aspx" publishTime="09/29/2009 10:12:06" />
    <file relUrl="QuestList.xml" publishTime="11/27/2009 14:27:57" />
    <file relUrl="RenameNick.ashx" publishTime="09/29/2009 10:12:06" />
    <file relUrl="NickNameCheck.ashx" publishTime="09/29/2009 10:12:06" />
    <file relUrl="ActiveList.ashx" publishTime="09/29/2009 10:12:06" />
    <file relUrl="ConsortiaEquipControl.ashx" publishTime="09/29/2009 10:12:06" />
    <file relUrl="ChargeTest.ashx" publishTime="09/29/2009 10:12:06" />
    <file relUrl="CreateAllXml.ashx" publishTime="09/29/2009 10:12:06" />
    <file relUrl="ConsortiaInviteUsersList.ashx" publishTime="09/29/2009 10:12:06" />
    <file relUrl="DailyAwardList.ashx" publishTime="09/29/2009 10:12:06" />
    <file relUrl="CelebList/CelebByWeekGPList.ashx" publishTime="09/29/2009 10:12:02" />
    <file relUrl="Web.config" publishTime="01/14/2010 20:20:23" />
    <file relUrl="RenameConsortiaName.ashx" publishTime="09/29/2009 10:12:06" />
    <file relUrl="CelebList/CelebByConsortiaLevel.ashx" publishTime="09/29/2009 10:12:02" />
    <file relUrl="SubmitTest.aspx" publishTime="09/29/2009 10:12:06" />
    <file relUrl="AASGetState.aspx" publishTime="09/29/2009 10:12:06" />
    <file relUrl="CelebList/CelebByOfferList.ashx" publishTime="09/29/2009 10:12:02" />
    <file relUrl="bin/Languages/Language-vn.txt" publishTime="09/29/2009 10:12:12" />
    <file relUrl="click.aspx" publishTime="09/29/2009 10:12:06" />
    <file relUrl="LoadItemsCategory.ashx" publishTime="09/29/2009 10:12:06" />
    <file relUrl="KeyGenerator.ashx" publishTime="09/29/2009 10:12:06" />
    <file relUrl="CelebList/CelebByConsortiaRiches.ashx" publishTime="09/29/2009 10:12:02" />
    <file relUrl="ConsortiaDutyList.ashx" publishTime="09/29/2009 10:12:06" />
    <file relUrl="CelebList/CelebByDayFightPowerList.ashx" publishTime="01/08/2010 14:05:41" />
    <file relUrl="Login.ashx" publishTime="09/29/2009 10:12:06" />
    <file relUrl="Illegalcharacters/Illegalcharacters.txt" publishTime="09/29/2009 10:12:03" />
    <file relUrl="QuestList.ashx" publishTime="09/29/2009 10:12:06" />
    <file relUrl="NoticeServerUpdate.aspx" publishTime="09/29/2009 10:12:06" />
    <file relUrl="bin/Newtonsoft.Json.dll" publishTime="09/29/2009 10:12:22" />
    <file relUrl="LoginTest.aspx" publishTime="09/29/2009 10:12:06" />
    <file relUrl="ConsortiaAllyList.ashx" publishTime="09/29/2009 10:12:06" />
    <file relUrl="SystemNotice.aspx" publishTime="09/29/2009 10:12:06" />
    <file relUrl="CelebList/CelebByDayOfferList.ashx" publishTime="09/29/2009 10:12:02" />
    <file relUrl="LoadUserEquip.ashx" publishTime="09/29/2009 10:12:06" />
    <file relUrl="ConsortiaEquipControlList.ashx" publishTime="09/29/2009 10:12:06" />
    <file relUrl="bin/Languages/Language-zh_cn.txt" publishTime="01/19/2010 18:17:40" />
    <file relUrl="bin/log4net.xml" publishTime="09/29/2009 10:12:22" />
    <file relUrl="UserNameCheck.aspx" publishTime="09/29/2009 10:12:06" />
    <file relUrl="bin/Game.Base.pdb" publishTime="01/19/2010 12:11:42" />
    <file relUrl="ConsortiaApplyAllyList.ashx" publishTime="09/29/2009 10:12:06" />
    <file relUrl="CreateLogin.aspx" publishTime="09/29/2009 10:12:06" />
    <file relUrl="LoadMapsItems.xml" publishTime="11/23/2009 23:15:30" />
    <file relUrl="bin/log4net.dll" publishTime="09/29/2009 10:12:22" />
    <file relUrl="ServerList.aspx" publishTime="09/29/2009 10:12:06" />
    <file relUrl="MapServerList.ashx" publishTime="09/29/2009 10:12:06" />
    <file relUrl="ValidateCode.aspx" publishTime="09/29/2009 10:12:06" />
    <file relUrl="LoginSelectList.ashx" publishTime="09/29/2009 10:12:06" />
    <file relUrl="CelebList/CelebByConsortiaHonor.ashx" publishTime="09/29/2009 10:12:02" />
    <file relUrl="bin/Bussiness.pdb" publishTime="01/19/2010 19:40:48" />
    <file relUrl="SendItemTest.aspx" publishTime="09/29/2009 10:12:06" />
    <file relUrl="CelebList/CelebByConsortiaDayRiches.ashx" publishTime="09/29/2009 10:12:02" />
    <file relUrl="UserQuestList.ashx" publishTime="09/29/2009 10:12:06" />
    <file relUrl="bin/Tank.Request.dll" publishTime="01/19/2010 19:40:49" />
    <file relUrl="BallList.xml" publishTime="11/23/2009 23:15:30" />
    <file relUrl="bin/Game.Base.dll" publishTime="01/19/2010 12:11:42" />
    <file relUrl="bin/SqlDataProvider.dll" publishTime="01/19/2010 19:40:47" />
    <file relUrl="ConsortiaApplyUsersList.ashx" publishTime="09/29/2009 10:12:06" />
    <file relUrl="VisualizeRegister.ashx" publishTime="09/29/2009 10:12:06" />
    <file relUrl="VisualizeItemLoad.ashx" publishTime="09/29/2009 10:12:06" />
    <file relUrl="bin/Road.Flash.dll" publishTime="01/19/2010 19:40:49" />
    <file relUrl="ConsortiaEventList.ashx" publishTime="09/29/2009 10:12:06" />
    <file relUrl="LoadUsersSort.ashx" publishTime="09/29/2009 10:12:06" />
    <file relUrl="CelebList/CreateAllCeleb.ashx" publishTime="09/29/2009 10:12:02" />
    <file relUrl="AuctionPageList.ashx" publishTime="09/29/2009 10:12:06" />
    <file relUrl="bin/Road.Flash.pdb" publishTime="01/19/2010 19:40:48" />
    <file relUrl="KitoffUser.aspx" publishTime="09/29/2009 10:12:06" />
    <file relUrl="FavoriteTransit.ashx" publishTime="09/29/2009 10:12:06" />
    <file relUrl="CelebList/CelebByConsortiaWeekRiches.ashx" publishTime="09/29/2009 10:12:02" />
    <file relUrl="BallList.ashx" publishTime="09/29/2009 10:12:06" />
    <file relUrl="GetSID.ashx" publishTime="09/29/2009 10:12:06" />
    <file relUrl="SentRewardTest.aspx" publishTime="09/29/2009 10:12:06" />
    <file relUrl="CelebList/CelebByDayBestEquip.ashx" publishTime="09/29/2009 10:12:02" />
    <file relUrl="LoadPVEItems.ashx" publishTime="11/23/2009 21:35:32" />
    <file relUrl="SentReward.ashx" publishTime="09/29/2009 10:12:06" />
    <file relUrl="bin/Tank.Flash.pdb" publishTime="01/19/2010 19:40:48" />
    <file relUrl="CelebList/CelebByWeekOfferList.ashx" publishTime="09/29/2009 10:12:02" />
    <file relUrl="MarryInfoPageList.ashx" publishTime="09/29/2009 10:12:06" />
    <file relUrl="ExperienceRate.aspx" publishTime="09/29/2009 10:12:06" />
    <file relUrl="bin/SqlDataProvider.pdb" publishTime="01/19/2010 19:40:47" />
    <file relUrl="MailSenderList.ashx" publishTime="09/29/2009 10:12:06" />
    <file relUrl="ConsortiaUsersList.ashx" publishTime="09/29/2009 10:12:06" />
    <file relUrl="ItemStrengthenList.ashx" publishTime="09/29/2009 10:12:06" />
    <file relUrl="LoadUserItems.ashx" publishTime="09/29/2009 10:12:06" />
    <file relUrl="PayTransit.ashx" publishTime="09/29/2009 10:12:06" />
    <file relUrl="LoadMapsItems.ashx" publishTime="09/29/2009 10:12:06" />
    <file relUrl="bin/Tank.Flash.dll" publishTime="01/19/2010 19:40:48" />
    <file relUrl="CelebList/CelebByDayGPList.ashx" publishTime="09/29/2009 10:12:02" />
    <file relUrl="TemplateAllList.ashx" publishTime="09/29/2009 10:12:06" />
    <file relUrl="ShopItemList.ashx" publishTime="11/19/2009 16:16:20" />
    <file relUrl="CelebList/CelebByConsortiaWeekHonor.ashx" publishTime="09/29/2009 10:12:02" />
    <file relUrl="ConsortiaLevelList.ashx" publishTime="09/29/2009 10:12:06" />
    <file relUrl="IMListLoad.ashx" publishTime="09/29/2009 10:12:06" />
    <file relUrl="ChargeMoney.aspx" publishTime="09/29/2009 10:12:06" />
    <file relUrl="IMFriendsBbs.ashx" publishTime="11/06/2009 10:41:48" />
    <file relUrl="ExitGameTransit.ashx" publishTime="09/29/2009 10:12:06" />
    <file relUrl="NPCInfoList.ashx" publishTime="11/11/2009 14:17:43" />
    <file relUrl="bin/zlib.net.dll" publishTime="09/29/2009 10:12:22" />
    <file relUrl="ConsortiaList.ashx" publishTime="09/29/2009 10:12:06" />
    <file relUrl="TemplateAlllist.xml" publishTime="11/23/2009 23:15:30" />
    <file relUrl="bin/Ajax.dll" publishTime="09/29/2009 10:12:22" />
    <file relUrl="LoadUserMail.ashx" publishTime="09/29/2009 10:12:06" />
    <file relUrl="bin/Tank.Request.pdb" publishTime="01/19/2010 19:40:49" />
    <file relUrl="bin/Bussiness.dll" publishTime="01/19/2010 19:40:48" />
    <file relUrl="ActiveList.xml" publishTime="11/25/2009 10:20:36" />
  </publishTarget>
  <publishTarget publishUrl="\\192.168.1.3\Tank\dandantang\Request\">
    <file relUrl="CelebList/CelebByGpList.ashx" publishTime="11/23/2009 22:36:14" />
    <file relUrl="bin/zlib.net.dll" publishTime="11/23/2009 22:36:38" />
    <file relUrl="CelebList/CelebByConsortiaDayHonor.ashx" publishTime="11/23/2009 22:36:14" />
    <file relUrl="ConsortiaIMList.ashx" publishTime="11/23/2009 22:36:15" />
    <file relUrl="ServerList.ashx" publishTime="11/23/2009 22:36:15" />
    <file relUrl="Global.asax" publishTime="11/23/2009 22:36:15" />
    <file relUrl="IMFriendsGood.ashx" publishTime="11/23/2009 22:36:15" />
    <file relUrl="UserGoodsInfo.ashx" publishTime="11/23/2009 22:36:15" />
    <file relUrl="Illegalcharacters/Illegalcharacters.txt" publishTime="11/23/2009 22:36:14" />
    <file relUrl="QuestList.xml" publishTime="11/26/2009 11:18:36" />
    <file relUrl="RenameNick.ashx" publishTime="11/23/2009 22:36:15" />
    <file relUrl="NickNameCheck.ashx" publishTime="11/23/2009 22:36:15" />
    <file relUrl="ActiveList.ashx" publishTime="11/23/2009 22:36:15" />
    <file relUrl="ConsortiaEquipControl.ashx" publishTime="11/23/2009 22:36:15" />
    <file relUrl="ChargeTest.ashx" publishTime="11/23/2009 22:36:15" />
    <file relUrl="CreateAllXml.ashx" publishTime="11/23/2009 22:36:15" />
    <file relUrl="ConsortiaInviteUsersList.ashx" publishTime="11/23/2009 22:36:15" />
    <file relUrl="QuestList.ashx" publishTime="11/23/2009 22:36:15" />
    <file relUrl="CelebList/CelebByWeekGPList.ashx" publishTime="11/23/2009 22:36:14" />
    <file relUrl="bin/SqlDataProvider.pdb" publishTime="12/09/2009 21:21:13" />
    <file relUrl="Web.config" publishTime="11/23/2009 22:36:15" />
    <file relUrl="RenameConsortiaName.ashx" publishTime="11/23/2009 22:36:15" />
    <file relUrl="CelebList/CelebByConsortiaLevel.ashx" publishTime="11/23/2009 22:36:14" />
    <file relUrl="SubmitTest.aspx" publishTime="11/23/2009 22:36:15" />
    <file relUrl="CelebList/CelebByOfferList.ashx" publishTime="11/23/2009 22:36:14" />
    <file relUrl="bin/Languages/Language-vn.txt" publishTime="11/23/2009 22:36:22" />
    <file relUrl="LoadItemsCategory.ashx" publishTime="11/23/2009 22:36:15" />
    <file relUrl="KeyGenerator.ashx" publishTime="11/23/2009 22:36:15" />
    <file relUrl="CelebList/CelebByConsortiaRiches.ashx" publishTime="11/23/2009 22:36:14" />
    <file relUrl="ConsortiaDutyList.ashx" publishTime="11/23/2009 22:36:15" />
    <file relUrl="BallList.ashx" publishTime="11/23/2009 22:36:15" />
    <file relUrl="LoadPVEItems.ashx" publishTime="11/23/2009 22:36:15" />
    <file relUrl="Login.ashx" publishTime="11/23/2009 22:36:15" />
    <file relUrl="NoticeServerUpdate.aspx" publishTime="11/23/2009 22:36:15" />
    <file relUrl="bin/Newtonsoft.Json.dll" publishTime="11/23/2009 22:36:38" />
    <file relUrl="ConsortiaAllyList.ashx" publishTime="11/23/2009 22:36:15" />
    <file relUrl="SystemNotice.aspx" publishTime="11/23/2009 22:36:15" />
    <file relUrl="CelebList/CelebByDayOfferList.ashx" publishTime="11/23/2009 22:36:14" />
    <file relUrl="LoadUserEquip.ashx" publishTime="11/23/2009 22:36:15" />
    <file relUrl="ConsortiaEquipControlList.ashx" publishTime="11/23/2009 22:36:15" />
    <file relUrl="DailyAwardList.ashx" publishTime="11/23/2009 22:36:15" />
    <file relUrl="bin/Languages/Language-zh_cn.txt" publishTime="12/14/2009 22:07:47" />
    <file relUrl="bin/log4net.xml" publishTime="11/23/2009 22:36:38" />
    <file relUrl="UserNameCheck.aspx" publishTime="11/23/2009 22:36:15" />
    <file relUrl="CreateLogin.aspx" publishTime="11/23/2009 22:36:16" />
    <file relUrl="LoadMapsItems.xml" publishTime="11/26/2009 11:18:36" />
    <file relUrl="bin/log4net.dll" publishTime="11/23/2009 22:36:38" />
    <file relUrl="ServerList.aspx" publishTime="11/23/2009 22:36:15" />
    <file relUrl="TemplateAlllist.xml" publishTime="11/26/2009 11:18:36" />
    <file relUrl="MapServerList.ashx" publishTime="11/23/2009 22:36:15" />
    <file relUrl="ValidateCode.aspx" publishTime="11/23/2009 22:36:15" />
    <file relUrl="LoginSelectList.ashx" publishTime="11/23/2009 22:36:15" />
    <file relUrl="CelebList/CelebByConsortiaHonor.ashx" publishTime="11/23/2009 22:36:14" />
    <file relUrl="bin/Bussiness.pdb" publishTime="12/15/2009 16:31:53" />
    <file relUrl="SendItemTest.aspx" publishTime="11/23/2009 22:36:15" />
    <file relUrl="IMListLoad.ashx" publishTime="11/23/2009 22:36:15" />
    <file relUrl="CelebList/CelebByConsortiaDayRiches.ashx" publishTime="11/23/2009 22:36:14" />
    <file relUrl="UserQuestList.ashx" publishTime="11/23/2009 22:36:15" />
    <file relUrl="bin/Tank.Request.dll" publishTime="12/15/2009 16:31:57" />
    <file relUrl="ShopItemList.ashx" publishTime="11/23/2009 22:36:15" />
    <file relUrl="MailSenderList.ashx" publishTime="11/23/2009 22:36:15" />
    <file relUrl="bin/SqlDataProvider.dll" publishTime="12/09/2009 21:21:13" />
    <file relUrl="ConsortiaApplyUsersList.ashx" publishTime="11/23/2009 22:36:15" />
    <file relUrl="VisualizeRegister.ashx" publishTime="11/23/2009 22:36:15" />
    <file relUrl="VisualizeItemLoad.ashx" publishTime="11/23/2009 22:36:15" />
    <file relUrl="bin/Road.Flash.dll" publishTime="12/09/2009 21:21:14" />
    <file relUrl="ConsortiaEventList.ashx" publishTime="11/23/2009 22:36:15" />
    <file relUrl="CelebList/CreateAllCeleb.ashx" publishTime="11/23/2009 22:36:14" />
    <file relUrl="AuctionPageList.ashx" publishTime="11/23/2009 22:36:15" />
    <file relUrl="bin/Road.Flash.pdb" publishTime="12/09/2009 21:21:14" />
    <file relUrl="KitoffUser.aspx" publishTime="11/23/2009 22:36:15" />
    <file relUrl="FavoriteTransit.ashx" publishTime="11/23/2009 22:36:15" />
    <file relUrl="CelebList/CelebByConsortiaWeekRiches.ashx" publishTime="11/23/2009 22:36:14" />
    <file relUrl="AASUpdateState.aspx" publishTime="11/23/2009 22:36:15" />
    <file relUrl="GetSID.ashx" publishTime="11/23/2009 22:36:15" />
    <file relUrl="SentRewardTest.aspx" publishTime="11/23/2009 22:36:15" />
    <file relUrl="SentReward.ashx" publishTime="11/23/2009 22:36:15" />
    <file relUrl="bin/Tank.Flash.pdb" publishTime="12/15/2009 16:31:54" />
    <file relUrl="CelebList/CelebByWeekOfferList.ashx" publishTime="11/23/2009 22:36:14" />
    <file relUrl="MarryInfoPageList.ashx" publishTime="11/23/2009 22:36:15" />
    <file relUrl="ExperienceRate.aspx" publishTime="11/23/2009 22:36:15" />
    <file relUrl="BallList.xml" publishTime="11/26/2009 11:18:36" />
    <file relUrl="LoadUsersSort.ashx" publishTime="11/23/2009 22:36:15" />
    <file relUrl="ConsortiaUsersList.ashx" publishTime="11/23/2009 22:36:15" />
    <file relUrl="ItemStrengthenList.ashx" publishTime="11/23/2009 22:36:15" />
    <file relUrl="CelebList/CelebByDayGPList.ashx" publishTime="11/23/2009 22:36:14" />
    <file relUrl="LoadUserItems.ashx" publishTime="11/23/2009 22:36:15" />
    <file relUrl="PayTransit.ashx" publishTime="11/23/2009 22:36:15" />
    <file relUrl="LoadMapsItems.ashx" publishTime="11/23/2009 22:36:15" />
    <file relUrl="bin/Tank.Flash.dll" publishTime="12/15/2009 16:31:54" />
    <file relUrl="click.aspx" publishTime="11/23/2009 22:36:15" />
    <file relUrl="TemplateAllList.ashx" publishTime="11/23/2009 22:36:15" />
    <file relUrl="LoginTest.aspx" publishTime="11/23/2009 22:36:15" />
    <file relUrl="CelebList/CelebByConsortiaWeekHonor.ashx" publishTime="11/23/2009 22:36:14" />
    <file relUrl="ConsortiaLevelList.ashx" publishTime="11/23/2009 22:36:15" />
    <file relUrl="AASGetState.aspx" publishTime="11/23/2009 22:36:15" />
    <file relUrl="ChargeMoney.aspx" publishTime="11/23/2009 22:36:15" />
    <file relUrl="IMFriendsBbs.ashx" publishTime="11/23/2009 22:36:15" />
    <file relUrl="ExitGameTransit.ashx" publishTime="11/23/2009 22:36:15" />
    <file relUrl="NPCInfoList.ashx" publishTime="11/23/2009 22:36:15" />
    <file relUrl="CelebList/CelebByDayBestEquip.ashx" publishTime="11/23/2009 22:36:14" />
    <file relUrl="ConsortiaList.ashx" publishTime="11/23/2009 22:36:15" />
    <file relUrl="ConsortiaApplyAllyList.ashx" publishTime="11/23/2009 22:36:15" />
    <file relUrl="bin/Ajax.dll" publishTime="11/23/2009 22:36:38" />
    <file relUrl="LoadUserMail.ashx" publishTime="11/23/2009 22:36:15" />
    <file relUrl="bin/Tank.Request.pdb" publishTime="12/15/2009 16:31:57" />
    <file relUrl="bin/Bussiness.dll" publishTime="12/15/2009 16:31:53" />
    <file relUrl="ActiveList.xml" publishTime="11/26/2009 11:18:36" />
  </publishTarget>
</publishData>