<Result value="true" message="Success!">
  <Item PlayerRank="1" PlayerName="KeepOut" FamLevel="7" />
  <Item PlayerRank="2" PlayerName="Eyby" FamLevel="7" />
  <Item PlayerRank="3" PlayerName="•Gαckt•" FamLevel="7" />
  <Item PlayerRank="4" PlayerName="Яเdý Mเиэя" FamLevel="5" />
  <Item PlayerRank="5" PlayerName="૮σɱρเµƭε૨" FamLevel="5" />
  <Item PlayerRank="6" PlayerName="Vardy™" FamLevel="5" />
  <Item PlayerRank="7" PlayerName="Ŧєภเx" FamLevel="5" />
  <Item PlayerRank="8" PlayerName="♠NEGOGYN♦" FamLevel="5" />
  <Item PlayerRank="9" PlayerName="ʀɑgɳɑʀ" FamLevel="5" />
  <Item PlayerRank="10" PlayerName="☣Infernal☣" FamLevel="5" />
  <Item PlayerRank="11" PlayerName="²Felipe²" FamLevel="5" />
  <Item PlayerRank="12" PlayerName="GELO™" FamLevel="5" />
  <Item PlayerRank="13" PlayerName="☺♥Ulquiorra☻♥" FamLevel="5" />
  <Item PlayerRank="14" PlayerName="☬€§irε∫α☬" FamLevel="5" />
  <Item PlayerRank="15" PlayerName="ÐąᙖƦąイąᑕ" FamLevel="5" />
  <Item PlayerRank="16" PlayerName="☠Coliitɑ☠" FamLevel="5" />
  <Item PlayerRank="17" PlayerName="" FamLevel="5" />
  <Item PlayerRank="18" PlayerName="TopJow" FamLevel="5" />
  <Item PlayerRank="19" PlayerName="♫Daleste♫" FamLevel="5" />
  <Item PlayerRank="20" PlayerName="คłucคяd" FamLevel="5" />
  <Item PlayerRank="21" PlayerName="BadRomance" FamLevel="5" />
  <Item PlayerRank="22" PlayerName="Kɑyʆɑɳii™" FamLevel="5" />
  <Item PlayerRank="23" PlayerName="ʍѳ૨૯ทiทђα" FamLevel="5" />
  <Item PlayerRank="24" PlayerName="Injeção" FamLevel="5" />
  <Item PlayerRank="25" PlayerName="XzeD" FamLevel="5" />
  <Item PlayerRank="26" PlayerName="☼Panda↓" FamLevel="5" />
  <Item PlayerRank="27" PlayerName="ρrєτσʑiкα" FamLevel="5" />
  <Item PlayerRank="28" PlayerName="❥zombination✪" FamLevel="5" />
  <Item PlayerRank="29" PlayerName="LordStark♚" FamLevel="5" />
  <Item PlayerRank="30" PlayerName="Nαυtiłυsϟ●" FamLevel="5" />
  <Item PlayerRank="31" PlayerName="ⅤiทǤāđøяā" FamLevel="5" />
  <Item PlayerRank="32" PlayerName="Niina" FamLevel="5" />
  <Item PlayerRank="33" PlayerName="♥Leonelita♥" FamLevel="5" />
  <Item PlayerRank="34" PlayerName="ƤΔNŦ€RΔ" FamLevel="5" />
  <Item PlayerRank="35" PlayerName="ĆĦƗŇØΜΔŞŦ€Ř" FamLevel="5" />
  <Item PlayerRank="36" PlayerName="кiℓʑσทє" FamLevel="5" />
  <Item PlayerRank="37" PlayerName="Sonne" FamLevel="4" />
  <Item PlayerRank="38" PlayerName="Shiro" FamLevel="4" />
  <Item PlayerRank="39" PlayerName="HermitDark" FamLevel="3" />
  <Item PlayerRank="40" PlayerName="Kikyσυღ" FamLevel="3" />
  <Item PlayerRank="41" PlayerName="HermitZinha" FamLevel="3" />
  <Item PlayerRank="42" PlayerName="Alex♥" FamLevel="3" />
  <Item PlayerRank="43" PlayerName="PunkShot" FamLevel="3" />
  <Item PlayerRank="44" PlayerName="FσdiинαxD" FamLevel="3" />
  <Item PlayerRank="45" PlayerName="YuuChanツ" FamLevel="3" />
  <Item PlayerRank="46" PlayerName="TS" FamLevel="3" />
  <Item PlayerRank="47" PlayerName="ÐØцβŁ€Ћเ†" FamLevel="3" />
  <Item PlayerRank="48" PlayerName="кαiσєαℓiทє" FamLevel="3" />
  <Item PlayerRank="49" PlayerName="♥LadyCooL♥" FamLevel="3" />
  <Item PlayerRank="50" PlayerName="Marimba" FamLevel="3" />
  <Item PlayerRank="51" PlayerName="†Vingador†" FamLevel="3" />
  <Item PlayerRank="52" PlayerName="MiiH" FamLevel="3" />
  <Item PlayerRank="53" PlayerName="Wilmer" FamLevel="3" />
  <Item PlayerRank="54" PlayerName="™◄MeMa►™" FamLevel="3" />
  <Item PlayerRank="55" PlayerName="Lcz☺" FamLevel="3" />
  <Item PlayerRank="56" PlayerName="♥f4ever♥" FamLevel="3" />
  <Item PlayerRank="57" PlayerName="LucyStark" FamLevel="3" />
  <Item PlayerRank="58" PlayerName="♠aleen♠" FamLevel="3" />
  <Item PlayerRank="59" PlayerName="Sh1nigami" FamLevel="3" />
  <Item PlayerRank="60" PlayerName="KEYARATE" FamLevel="3" />
  <Item PlayerRank="61" PlayerName="๑۩๑AkashA๑۩๑" FamLevel="3" />
  <Item PlayerRank="62" PlayerName="NearSixx" FamLevel="3" />
  <Item PlayerRank="63" PlayerName="►StarBoy◄" FamLevel="3" />
  <Item PlayerRank="64" PlayerName="ZedxX" FamLevel="3" />
  <Item PlayerRank="65" PlayerName="ŘỮǤΔŁ" FamLevel="3" />
  <Item PlayerRank="66" PlayerName="►StarGirl◄" FamLevel="3" />
  <Item PlayerRank="67" PlayerName="♥ZiKaViRuS♥" FamLevel="3" />
  <Item PlayerRank="68" PlayerName="Malvadinha" FamLevel="3" />
  <Item PlayerRank="69" PlayerName="ĴĦØŇΔŦΔŇ" FamLevel="3" />
  <Item PlayerRank="70" PlayerName="Fallen" FamLevel="3" />
  <Item PlayerRank="71" PlayerName="Mavis" FamLevel="3" />
  <Item PlayerRank="72" PlayerName="Фаоон" FamLevel="3" />
  <Item PlayerRank="73" PlayerName="◄MaNdY•◄" FamLevel="3" />
  <Item PlayerRank="74" PlayerName="ELJohenderPrO" FamLevel="3" />
  <Item PlayerRank="75" PlayerName="SamuelazoxD" FamLevel="3" />
  <Item PlayerRank="76" PlayerName="thecrime" FamLevel="3" />
  <Item PlayerRank="77" PlayerName="WeedHemp" FamLevel="3" />
  <Item PlayerRank="78" PlayerName="Dαякiєł" FamLevel="3" />
  <Item PlayerRank="79" PlayerName="DrK" FamLevel="3" />
  <Item PlayerRank="80" PlayerName="🌱ɢᴀʟᴀᴍᴏᴛʜ🌱" FamLevel="2" />
  <Item PlayerRank="81" PlayerName="cατυαвα" FamLevel="2" />
  <Item PlayerRank="82" PlayerName="♥☺Linda☻♥" FamLevel="1" />
  <Item PlayerRank="83" PlayerName="Zoom" FamLevel="1" />
  <Item PlayerRank="84" PlayerName="♪ҒԱИҠЄіГѦ♪" FamLevel="1" />
  <Item PlayerRank="85" PlayerName="Angelinamix" FamLevel="1" />
</Result>